Fitter report for Rom1p
Fri May  1 23:57:35 2026
Quartus Prime Version 25.1std.0 Build 1129 10/21/2025 SC Lite Edition


---------------------
; Table of Contents ;
---------------------
  1. Legal Notice
  2. Fitter Summary
  3. Fitter Settings
  4. Parallel Compilation
  5. Incremental Compilation Preservation Summary
  6. Incremental Compilation Partition Settings
  7. Incremental Compilation Placement Preservation
  8. Pin-Out File
  9. Fitter Resource Usage Summary
 10. Fitter Partition Statistics
 11. Input Pins
 12. Output Pins
 13. Dual Purpose and Dedicated Pins
 14. I/O Bank Usage
 15. All Package Pins
 16. I/O Assignment Warnings
 17. Fitter Resource Utilization by Entity
 18. Delay Chain Summary
 19. Pad To Core Delay Chain Fanout
 20. Control Signals
 21. Global & Other Fast Signals
 22. Fitter RAM Summary
 23. |ROM1PORT|altsyncram:altsyncram_component|altsyncram_ef81:auto_generated|ALTSYNCRAM
 24. Routing Usage Summary
 25. LAB Logic Elements
 26. LAB-wide Signals
 27. LAB Signals Sourced
 28. LAB Signals Sourced Out
 29. LAB Distinct Inputs
 30. I/O Rules Summary
 31. I/O Rules Details
 32. I/O Rules Matrix
 33. Fitter Device Options
 34. Operating Settings and Conditions
 35. Fitter Messages
 36. Fitter Suppressed Messages



----------------
; Legal Notice ;
----------------
Copyright (C) 2025  Altera Corporation. All rights reserved.
Your use of Altera Corporation's design tools, logic functions 
and other software and tools, and any partner logic 
functions, and any output files from any of the foregoing 
(including device programming or simulation files), and any 
associated documentation or information are expressly subject 
to the terms and conditions of the Altera Program License 
Subscription Agreement, the Altera Quartus Prime License Agreement,
the Altera IP License Agreement, or other applicable license
agreement, including, without limitation, that your use is for
the sole purpose of programming logic devices manufactured by
Altera and sold by Altera or its authorized distributors.  Please
refer to the Altera Software License Subscription Agreements 
on the Quartus Prime software download page.



+--------------------------------------------------------------------------------------+
; Fitter Summary                                                                       ;
+------------------------------------+-------------------------------------------------+
; Fitter Status                      ; Successful - Fri May  1 23:57:35 2026           ;
; Quartus Prime Version              ; 25.1std.0 Build 1129 10/21/2025 SC Lite Edition ;
; Revision Name                      ; Rom1p                                           ;
; Top-level Entity Name              ; ROM1PORT                                        ;
; Family                             ; MAX 10                                          ;
; Device                             ; 10M08DAF484C8G                                  ;
; Timing Models                      ; Final                                           ;
; Total logic elements               ; 2 / 8,064 ( < 1 % )                             ;
;     Total combinational functions  ; 2 / 8,064 ( < 1 % )                             ;
;     Dedicated logic registers      ; 1 / 8,064 ( < 1 % )                             ;
; Total registers                    ; 1                                               ;
; Total pins                         ; 21 / 250 ( 8 % )                                ;
; Total virtual pins                 ; 0                                               ;
; Total memory bits                  ; 8,192 / 387,072 ( 2 % )                         ;
; Embedded Multiplier 9-bit elements ; 0 / 48 ( 0 % )                                  ;
; Total PLLs                         ; 0 / 2 ( 0 % )                                   ;
; UFM blocks                         ; 0 / 1 ( 0 % )                                   ;
; ADC blocks                         ; 0 / 1 ( 0 % )                                   ;
+------------------------------------+-------------------------------------------------+


+----------------------------------------------------------------------------------------------------------------------------------------------------+
; Fitter Settings                                                                                                                                    ;
+--------------------------------------------------------------------+---------------------------------------+---------------------------------------+
; Option                                                             ; Setting                               ; Default Value                         ;
+--------------------------------------------------------------------+---------------------------------------+---------------------------------------+
; Device                                                             ; 10M08DAF484C8G                        ;                                       ;
; Minimum Core Junction Temperature                                  ; 0                                     ;                                       ;
; Maximum Core Junction Temperature                                  ; 85                                    ;                                       ;
; Fit Attempts to Skip                                               ; 0                                     ; 0.0                                   ;
; Use smart compilation                                              ; Off                                   ; Off                                   ;
; Enable parallel Assembler and Timing Analyzer during compilation   ; On                                    ; On                                    ;
; Enable compact report table                                        ; Off                                   ; Off                                   ;
; Auto Merge PLLs                                                    ; On                                    ; On                                    ;
; Router Timing Optimization Level                                   ; Normal                                ; Normal                                ;
; Perform Clocking Topology Analysis During Routing                  ; Off                                   ; Off                                   ;
; Placement Effort Multiplier                                        ; 1.0                                   ; 1.0                                   ;
; Router Effort Multiplier                                           ; 1.0                                   ; 1.0                                   ;
; Optimize Hold Timing                                               ; All Paths                             ; All Paths                             ;
; Optimize Multi-Corner Timing                                       ; On                                    ; On                                    ;
; Power Optimization During Fitting                                  ; Normal compilation                    ; Normal compilation                    ;
; SSN Optimization                                                   ; Off                                   ; Off                                   ;
; Optimize Timing                                                    ; Normal compilation                    ; Normal compilation                    ;
; Optimize Timing for ECOs                                           ; Off                                   ; Off                                   ;
; Regenerate Full Fit Report During ECO Compiles                     ; Off                                   ; Off                                   ;
; Optimize IOC Register Placement for Timing                         ; Normal                                ; Normal                                ;
; Final Placement Optimizations                                      ; Automatically                         ; Automatically                         ;
; Fitter Initial Placement Seed                                      ; 1                                     ; 1                                     ;
; Periphery to Core Placement and Routing Optimization               ; Off                                   ; Off                                   ;
; PCI I/O                                                            ; Off                                   ; Off                                   ;
; Weak Pull-Up Resistor                                              ; Off                                   ; Off                                   ;
; Enable Bus-Hold Circuitry                                          ; Off                                   ; Off                                   ;
; Auto Packed Registers                                              ; Auto                                  ; Auto                                  ;
; Auto Delay Chains                                                  ; On                                    ; On                                    ;
; Auto Delay Chains for High Fanout Input Pins                       ; Off                                   ; Off                                   ;
; Allow Single-ended Buffer for Differential-XSTL Input              ; Off                                   ; Off                                   ;
; Treat Bidirectional Pin as Output Pin                              ; Off                                   ; Off                                   ;
; Perform Physical Synthesis for Combinational Logic for Fitting     ; Off                                   ; Off                                   ;
; Perform Physical Synthesis for Combinational Logic for Performance ; Off                                   ; Off                                   ;
; Perform Register Duplication for Performance                       ; Off                                   ; Off                                   ;
; Perform Logic to Memory Mapping for Fitting                        ; Off                                   ; Off                                   ;
; Perform Register Retiming for Performance                          ; Off                                   ; Off                                   ;
; Perform Asynchronous Signal Pipelining                             ; Off                                   ; Off                                   ;
; Fitter Effort                                                      ; Auto Fit                              ; Auto Fit                              ;
; Physical Synthesis Effort Level                                    ; Normal                                ; Normal                                ;
; Logic Cell Insertion - Logic Duplication                           ; Auto                                  ; Auto                                  ;
; Auto Register Duplication                                          ; Auto                                  ; Auto                                  ;
; Auto Global Clock                                                  ; On                                    ; On                                    ;
; Auto Global Register Control Signals                               ; On                                    ; On                                    ;
; Reserve all unused pins                                            ; As input tri-stated with weak pull-up ; As input tri-stated with weak pull-up ;
; Synchronizer Identification                                        ; Auto                                  ; Auto                                  ;
; Enable Beneficial Skew Optimization                                ; On                                    ; On                                    ;
; Optimize Design for Metastability                                  ; On                                    ; On                                    ;
; Force Fitter to Avoid Periphery Placement Warnings                 ; Off                                   ; Off                                   ;
; Enable input tri-state on active configuration pins in user mode   ; Off                                   ; Off                                   ;
+--------------------------------------------------------------------+---------------------------------------+---------------------------------------+


+------------------------------------------+
; Parallel Compilation                     ;
+----------------------------+-------------+
; Processors                 ; Number      ;
+----------------------------+-------------+
; Number detected on machine ; 32          ;
; Maximum allowed            ; 16          ;
;                            ;             ;
; Average used               ; 1.09        ;
; Maximum used               ; 16          ;
;                            ;             ;
; Usage by Processor         ; % Time Used ;
;     Processor 1            ; 100.0%      ;
;     Processors 2-16        ;   0.6%      ;
+----------------------------+-------------+


+-------------------------------------------------------------------------------------------------+
; Incremental Compilation Preservation Summary                                                    ;
+---------------------+-------------------+----------------------------+--------------------------+
; Type                ; Total [A + B]     ; From Design Partitions [A] ; From Rapid Recompile [B] ;
+---------------------+-------------------+----------------------------+--------------------------+
; Placement (by node) ;                   ;                            ;                          ;
;     -- Requested    ; 0.00 % ( 0 / 73 ) ; 0.00 % ( 0 / 73 )          ; 0.00 % ( 0 / 73 )        ;
;     -- Achieved     ; 0.00 % ( 0 / 73 ) ; 0.00 % ( 0 / 73 )          ; 0.00 % ( 0 / 73 )        ;
;                     ;                   ;                            ;                          ;
; Routing (by net)    ;                   ;                            ;                          ;
;     -- Requested    ; 0.00 % ( 0 / 0 )  ; 0.00 % ( 0 / 0 )           ; 0.00 % ( 0 / 0 )         ;
;     -- Achieved     ; 0.00 % ( 0 / 0 )  ; 0.00 % ( 0 / 0 )           ; 0.00 % ( 0 / 0 )         ;
+---------------------+-------------------+----------------------------+--------------------------+


+----------------------------------------------------------------------------------------------------------------------------------------------------------------------------------------+
; Incremental Compilation Partition Settings                                                                                                                                             ;
+--------------------------------+----------------+-------------------+-------------------------+------------------------+------------------------------+--------------------------------+
; Partition Name                 ; Partition Type ; Netlist Type Used ; Preservation Level Used ; Netlist Type Requested ; Preservation Level Requested ; Contents                       ;
+--------------------------------+----------------+-------------------+-------------------------+------------------------+------------------------------+--------------------------------+
; Top                            ; User-created   ; Source File       ; N/A                     ; Source File            ; N/A                          ;                                ;
; hard_block:auto_generated_inst ; Auto-generated ; Source File       ; N/A                     ; Source File            ; N/A                          ; hard_block:auto_generated_inst ;
+--------------------------------+----------------+-------------------+-------------------------+------------------------+------------------------------+--------------------------------+


+------------------------------------------------------------------------------------------------------------------------------------+
; Incremental Compilation Placement Preservation                                                                                     ;
+--------------------------------+-----------------------+-------------------------+-------------------+---------------------+-------+
; Partition Name                 ; Preservation Achieved ; Preservation Level Used ; Netlist Type Used ; Preservation Method ; Notes ;
+--------------------------------+-----------------------+-------------------------+-------------------+---------------------+-------+
; Top                            ; 0.00 % ( 0 / 57 )     ; N/A                     ; Source File       ; N/A                 ;       ;
; hard_block:auto_generated_inst ; 0.00 % ( 0 / 16 )     ; N/A                     ; Source File       ; N/A                 ;       ;
+--------------------------------+-----------------------+-------------------------+-------------------+---------------------+-------+


+--------------+
; Pin-Out File ;
+--------------+
The pin-out file can be found in C:/Users/supre/Documents/ML proj/extra_credits_ML/extra credits/codes/output_files/Rom1p.pin.


+-----------------------------------------------------------------------+
; Fitter Resource Usage Summary                                         ;
+---------------------------------------------+-------------------------+
; Resource                                    ; Usage                   ;
+---------------------------------------------+-------------------------+
; Total logic elements                        ; 2 / 8,064 ( < 1 % )     ;
;     -- Combinational with no register       ; 1                       ;
;     -- Register only                        ; 0                       ;
;     -- Combinational with a register        ; 1                       ;
;                                             ;                         ;
; Logic element usage by number of LUT inputs ;                         ;
;     -- 4 input functions                    ; 0                       ;
;     -- 3 input functions                    ; 0                       ;
;     -- <=2 input functions                  ; 2                       ;
;     -- Register only                        ; 0                       ;
;                                             ;                         ;
; Logic elements by mode                      ;                         ;
;     -- normal mode                          ; 2                       ;
;     -- arithmetic mode                      ; 0                       ;
;                                             ;                         ;
; Total registers*                            ; 1 / 9,287 ( < 1 % )     ;
;     -- Dedicated logic registers            ; 1 / 8,064 ( < 1 % )     ;
;     -- I/O registers                        ; 0 / 1,223 ( 0 % )       ;
;                                             ;                         ;
; Total LABs:  partially or completely used   ; 2 / 504 ( < 1 % )       ;
; Virtual pins                                ; 0                       ;
; I/O pins                                    ; 21 / 250 ( 8 % )        ;
;     -- Clock pins                           ; 1 / 4 ( 25 % )          ;
;     -- Dedicated input pins                 ; 1 / 1 ( 100 % )         ;
;                                             ;                         ;
; M9Ks                                        ; 1 / 42 ( 2 % )          ;
; UFM blocks                                  ; 0 / 1 ( 0 % )           ;
; ADC blocks                                  ; 0 / 1 ( 0 % )           ;
; Total block memory bits                     ; 8,192 / 387,072 ( 2 % ) ;
; Total block memory implementation bits      ; 9,216 / 387,072 ( 2 % ) ;
; Embedded Multiplier 9-bit elements          ; 0 / 48 ( 0 % )          ;
; PLLs                                        ; 0 / 2 ( 0 % )           ;
; Global signals                              ; 2                       ;
;     -- Global clocks                        ; 2 / 10 ( 20 % )         ;
; JTAGs                                       ; 0 / 1 ( 0 % )           ;
; CRC blocks                                  ; 0 / 1 ( 0 % )           ;
; Remote update blocks                        ; 0 / 1 ( 0 % )           ;
; Oscillator blocks                           ; 0 / 1 ( 0 % )           ;
; Average interconnect usage (total/H/V)      ; 0.1% / 0.1% / 0.1%      ;
; Peak interconnect usage (total/H/V)         ; 0.3% / 0.3% / 0.3%      ;
; Maximum fan-out                             ; 10                      ;
; Highest non-global fan-out                  ; 10                      ;
; Total fan-out                               ; 59                      ;
; Average fan-out                             ; 0.89                    ;
+---------------------------------------------+-------------------------+
*  Register count does not include registers inside RAM blocks or DSP blocks.



+---------------------------------------------------------------------------------------------------+
; Fitter Partition Statistics                                                                       ;
+---------------------------------------------+--------------------+--------------------------------+
; Statistic                                   ; Top                ; hard_block:auto_generated_inst ;
+---------------------------------------------+--------------------+--------------------------------+
; Difficulty Clustering Region                ; Low                ; Low                            ;
;                                             ;                    ;                                ;
; Total logic elements                        ; 2 / 8064 ( < 1 % ) ; 0 / 8064 ( 0 % )               ;
;     -- Combinational with no register       ; 1                  ; 0                              ;
;     -- Register only                        ; 0                  ; 0                              ;
;     -- Combinational with a register        ; 1                  ; 0                              ;
;                                             ;                    ;                                ;
; Logic element usage by number of LUT inputs ;                    ;                                ;
;     -- 4 input functions                    ; 0                  ; 0                              ;
;     -- 3 input functions                    ; 0                  ; 0                              ;
;     -- <=2 input functions                  ; 2                  ; 0                              ;
;     -- Register only                        ; 0                  ; 0                              ;
;                                             ;                    ;                                ;
; Logic elements by mode                      ;                    ;                                ;
;     -- normal mode                          ; 2                  ; 0                              ;
;     -- arithmetic mode                      ; 0                  ; 0                              ;
;                                             ;                    ;                                ;
; Total registers                             ; 1                  ; 0                              ;
;     -- Dedicated logic registers            ; 1 / 8064 ( < 1 % ) ; 0 / 8064 ( 0 % )               ;
;     -- I/O registers                        ; 0                  ; 0                              ;
;                                             ;                    ;                                ;
; Total LABs:  partially or completely used   ; 2 / 504 ( < 1 % )  ; 0 / 504 ( 0 % )                ;
;                                             ;                    ;                                ;
; Virtual pins                                ; 0                  ; 0                              ;
; I/O pins                                    ; 21                 ; 0                              ;
; Embedded Multiplier 9-bit elements          ; 0 / 48 ( 0 % )     ; 0 / 48 ( 0 % )                 ;
; Total memory bits                           ; 8192               ; 0                              ;
; Total RAM block bits                        ; 9216               ; 0                              ;
; M9K                                         ; 1 / 42 ( 2 % )     ; 0 / 42 ( 0 % )                 ;
; Clock control block                         ; 2 / 12 ( 16 % )    ; 0 / 12 ( 0 % )                 ;
; User Flash Memory                           ; 1 / 1 ( 100 % )    ; 0 / 1 ( 0 % )                  ;
; Analog-to-Digital Converter                 ; 1 / 1 ( 100 % )    ; 0 / 1 ( 0 % )                  ;
;                                             ;                    ;                                ;
; Connections                                 ;                    ;                                ;
;     -- Input Connections                    ; 0                  ; 0                              ;
;     -- Registered Input Connections         ; 0                  ; 0                              ;
;     -- Output Connections                   ; 0                  ; 0                              ;
;     -- Registered Output Connections        ; 0                  ; 0                              ;
;                                             ;                    ;                                ;
; Internal Connections                        ;                    ;                                ;
;     -- Total Connections                    ; 59                 ; 8                              ;
;     -- Registered Connections               ; 9                  ; 0                              ;
;                                             ;                    ;                                ;
; External Connections                        ;                    ;                                ;
;     -- Top                                  ; 0                  ; 0                              ;
;     -- hard_block:auto_generated_inst       ; 0                  ; 0                              ;
;                                             ;                    ;                                ;
; Partition Interface                         ;                    ;                                ;
;     -- Input Ports                          ; 13                 ; 0                              ;
;     -- Output Ports                         ; 8                  ; 0                              ;
;     -- Bidir Ports                          ; 0                  ; 0                              ;
;                                             ;                    ;                                ;
; Registered Ports                            ;                    ;                                ;
;     -- Registered Input Ports               ; 0                  ; 0                              ;
;     -- Registered Output Ports              ; 0                  ; 0                              ;
;                                             ;                    ;                                ;
; Port Connectivity                           ;                    ;                                ;
;     -- Input Ports driven by GND            ; 0                  ; 0                              ;
;     -- Output Ports driven by GND           ; 0                  ; 0                              ;
;     -- Input Ports driven by VCC            ; 0                  ; 0                              ;
;     -- Output Ports driven by VCC           ; 0                  ; 0                              ;
;     -- Input Ports with no Source           ; 0                  ; 0                              ;
;     -- Output Ports with no Source          ; 0                  ; 0                              ;
;     -- Input Ports with no Fanout           ; 0                  ; 0                              ;
;     -- Output Ports with no Fanout          ; 0                  ; 0                              ;
+---------------------------------------------+--------------------+--------------------------------+


+---------------------------------------------------------------------------------------------------------------------------------------------------------------------------------------------------------------------------------------------------------------------------------------------+
; Input Pins                                                                                                                                                                                                                                                                                  ;
+------------+-------+----------+--------------+--------------+--------------+-----------------------+--------------------+--------+----------------+---------------+-----------------+----------+--------------+--------------+---------------------------+----------------------+-----------+
; Name       ; Pin # ; I/O Bank ; X coordinate ; Y coordinate ; Z coordinate ; Combinational Fan-Out ; Registered Fan-Out ; Global ; Input Register ; Power Up High ; PCI I/O Enabled ; Bus Hold ; Weak Pull Up ; I/O Standard ; Termination Control Block ; Location assigned by ; Slew Rate ;
+------------+-------+----------+--------------+--------------+--------------+-----------------------+--------------------+--------+----------------+---------------+-----------------+----------+--------------+--------------+---------------------------+----------------------+-----------+
; aclr       ; M9    ; 2        ; 0            ; 6            ; 21           ; 1                     ; 0                  ; yes    ; no             ; no            ; yes             ; no       ; Off          ; 2.5 V        ; --                        ; Fitter               ; 0         ;
; address[0] ; W3    ; 3        ; 9            ; 0            ; 21           ; 1                     ; 0                  ; no     ; no             ; no            ; yes             ; no       ; Off          ; 2.5 V        ; --                        ; Fitter               ; 0         ;
; address[1] ; N9    ; 2        ; 0            ; 3            ; 21           ; 1                     ; 0                  ; no     ; no             ; no            ; yes             ; no       ; Off          ; 2.5 V        ; --                        ; Fitter               ; 0         ;
; address[2] ; AB4   ; 3        ; 11           ; 0            ; 14           ; 1                     ; 0                  ; no     ; no             ; no            ; yes             ; no       ; Off          ; 2.5 V        ; --                        ; Fitter               ; 0         ;
; address[3] ; W4    ; 3        ; 9            ; 0            ; 28           ; 1                     ; 0                  ; no     ; no             ; no            ; yes             ; no       ; Off          ; 2.5 V        ; --                        ; Fitter               ; 0         ;
; address[4] ; U6    ; 3        ; 6            ; 0            ; 21           ; 1                     ; 0                  ; no     ; no             ; no            ; yes             ; no       ; Off          ; 2.5 V        ; --                        ; Fitter               ; 0         ;
; address[5] ; Y2    ; 3        ; 6            ; 0            ; 28           ; 1                     ; 0                  ; no     ; no             ; no            ; yes             ; no       ; Off          ; 2.5 V        ; --                        ; Fitter               ; 0         ;
; address[6] ; P10   ; 3        ; 11           ; 0            ; 0            ; 1                     ; 0                  ; no     ; no             ; no            ; yes             ; no       ; Off          ; 2.5 V        ; --                        ; Fitter               ; 0         ;
; address[7] ; R10   ; 3        ; 11           ; 0            ; 7            ; 1                     ; 0                  ; no     ; no             ; no            ; yes             ; no       ; Off          ; 2.5 V        ; --                        ; Fitter               ; 0         ;
; address[8] ; W7    ; 3        ; 9            ; 0            ; 0            ; 1                     ; 0                  ; no     ; no             ; no            ; yes             ; no       ; Off          ; 2.5 V        ; --                        ; Fitter               ; 0         ;
; address[9] ; Y3    ; 3        ; 9            ; 0            ; 14           ; 1                     ; 0                  ; no     ; no             ; no            ; yes             ; no       ; Off          ; 2.5 V        ; --                        ; Fitter               ; 0         ;
; clock      ; M8    ; 2        ; 0            ; 6            ; 14           ; 2                     ; 0                  ; yes    ; no             ; no            ; yes             ; no       ; Off          ; 2.5 V        ; --                        ; Fitter               ; 0         ;
; rden       ; Y4    ; 3        ; 9            ; 0            ; 7            ; 3                     ; 0                  ; no     ; no             ; no            ; yes             ; no       ; Off          ; 2.5 V        ; --                        ; Fitter               ; 0         ;
+------------+-------+----------+--------------+--------------+--------------+-----------------------+--------------------+--------+----------------+---------------+-----------------+----------+--------------+--------------+---------------------------+----------------------+-----------+


+-------------------------------------------------------------------------------------------------------------------------------------------------------------------------------------------------------------------------------------------------------------------------------------------------------------------------------------------------------------------------------------------------------------------------------------------------------+
; Output Pins                                                                                                                                                                                                                                                                                                                                                                                                                                           ;
+------+-------+----------+--------------+--------------+--------------+-----------------+------------------------+---------------+-----------+-----------------+------------+---------------+----------+--------------+--------------+------------------+-----------------------------------+---------------------------+----------------------------+-----------------------------+----------------------+----------------------+---------------------+
; Name ; Pin # ; I/O Bank ; X coordinate ; Y coordinate ; Z coordinate ; Output Register ; Output Enable Register ; Power Up High ; Slew Rate ; PCI I/O Enabled ; Open Drain ; TRI Primitive ; Bus Hold ; Weak Pull Up ; I/O Standard ; Current Strength ; Termination                       ; Termination Control Block ; Output Buffer Pre-emphasis ; Voltage Output Differential ; Location assigned by ; Output Enable Source ; Output Enable Group ;
+------+-------+----------+--------------+--------------+--------------+-----------------+------------------------+---------------+-----------+-----------------+------------+---------------+----------+--------------+--------------+------------------+-----------------------------------+---------------------------+----------------------------+-----------------------------+----------------------+----------------------+---------------------+
; q[0] ; AA3   ; 3        ; 11           ; 0            ; 21           ; no              ; no                     ; no            ; 2         ; no              ; no         ; no            ; no       ; Off          ; 2.5 V        ; Default          ; Series 50 Ohm without Calibration ; --                        ; no                         ; no                          ; Fitter               ; -                    ; -                   ;
; q[1] ; N1    ; 2        ; 0            ; 3            ; 7            ; no              ; no                     ; no            ; 2         ; no              ; no         ; no            ; no       ; Off          ; 2.5 V        ; Default          ; Series 50 Ohm without Calibration ; --                        ; no                         ; no                          ; Fitter               ; -                    ; -                   ;
; q[2] ; W8    ; 3        ; 11           ; 0            ; 28           ; no              ; no                     ; no            ; 2         ; no              ; no         ; no            ; no       ; Off          ; 2.5 V        ; Default          ; Series 50 Ohm without Calibration ; --                        ; no                         ; no                          ; Fitter               ; -                    ; -                   ;
; q[3] ; AA2   ; 3        ; 6            ; 0            ; 0            ; no              ; no                     ; no            ; 2         ; no              ; no         ; no            ; no       ; Off          ; 2.5 V        ; Default          ; Series 50 Ohm without Calibration ; --                        ; no                         ; no                          ; Fitter               ; -                    ; -                   ;
; q[4] ; P1    ; 2        ; 0            ; 3            ; 0            ; no              ; no                     ; no            ; 2         ; no              ; no         ; no            ; no       ; Off          ; 2.5 V        ; Default          ; Series 50 Ohm without Calibration ; --                        ; no                         ; no                          ; Fitter               ; -                    ; -                   ;
; q[5] ; W6    ; 3        ; 3            ; 0            ; 7            ; no              ; no                     ; no            ; 2         ; no              ; no         ; no            ; no       ; Off          ; 2.5 V        ; Default          ; Series 50 Ohm without Calibration ; --                        ; no                         ; no                          ; Fitter               ; -                    ; -                   ;
; q[6] ; AA1   ; 3        ; 6            ; 0            ; 7            ; no              ; no                     ; no            ; 2         ; no              ; no         ; no            ; no       ; Off          ; 2.5 V        ; Default          ; Series 50 Ohm without Calibration ; --                        ; no                         ; no                          ; Fitter               ; -                    ; -                   ;
; q[7] ; U7    ; 3        ; 6            ; 0            ; 14           ; no              ; no                     ; no            ; 2         ; no              ; no         ; no            ; no       ; Off          ; 2.5 V        ; Default          ; Series 50 Ohm without Calibration ; --                        ; no                         ; no                          ; Fitter               ; -                    ; -                   ;
+------+-------+----------+--------------+--------------+--------------+-----------------+------------------------+---------------+-----------+-----------------+------------+---------------+----------+--------------+--------------+------------------+-----------------------------------+---------------------------+----------------------------+-----------------------------+----------------------+----------------------+---------------------+


+-----------------------------------------------------------------------------------------------------------------------------------------+
; Dual Purpose and Dedicated Pins                                                                                                         ;
+----------+----------------------------------------------------+--------------------------------+---------------------+------------------+
; Location ; Pin Name                                           ; Reserved As                    ; User Signal Name    ; Pin Type         ;
+----------+----------------------------------------------------+--------------------------------+---------------------+------------------+
; H2       ; DIFFIO_RX_L11n, DIFFOUT_L11n, TMS, Low_Speed       ; Reserved as secondary function ; ~ALTERA_TMS~        ; Dual Purpose Pin ;
; G2       ; DIFFIO_RX_L11p, DIFFOUT_L11p, TCK, Low_Speed       ; Reserved as secondary function ; ~ALTERA_TCK~        ; Dual Purpose Pin ;
; L4       ; DIFFIO_RX_L12n, DIFFOUT_L12n, TDI, Low_Speed       ; Reserved as secondary function ; ~ALTERA_TDI~        ; Dual Purpose Pin ;
; M5       ; DIFFIO_RX_L12p, DIFFOUT_L12p, TDO, Low_Speed       ; Reserved as secondary function ; ~ALTERA_TDO~        ; Dual Purpose Pin ;
; H10      ; CONFIG_SEL, Low_Speed                              ; Reserved as secondary function ; ~ALTERA_CONFIG_SEL~ ; Dual Purpose Pin ;
; H9       ; nCONFIG, Low_Speed                                 ; Reserved as secondary function ; ~ALTERA_nCONFIG~    ; Dual Purpose Pin ;
; G9       ; DIFFIO_RX_T24p, DIFFOUT_T24p, nSTATUS, Low_Speed   ; Reserved as secondary function ; ~ALTERA_nSTATUS~    ; Dual Purpose Pin ;
; F8       ; DIFFIO_RX_T24n, DIFFOUT_T24n, CONF_DONE, Low_Speed ; Reserved as secondary function ; ~ALTERA_CONF_DONE~  ; Dual Purpose Pin ;
+----------+----------------------------------------------------+--------------------------------+---------------------+------------------+


+------------------------------------------------------------+
; I/O Bank Usage                                             ;
+----------+------------------+---------------+--------------+
; I/O Bank ; Usage            ; VCCIO Voltage ; VREF Voltage ;
+----------+------------------+---------------+--------------+
; 1A       ; 0 / 16 ( 0 % )   ; 2.5V          ; --           ;
; 1B       ; 4 / 20 ( 20 % )  ; 2.5V          ; --           ;
; 2        ; 5 / 24 ( 21 % )  ; 2.5V          ; --           ;
; 3        ; 16 / 36 ( 44 % ) ; 2.5V          ; --           ;
; 4        ; 0 / 24 ( 0 % )   ; 2.5V          ; --           ;
; 5        ; 0 / 28 ( 0 % )   ; 2.5V          ; --           ;
; 6        ; 0 / 42 ( 0 % )   ; 2.5V          ; --           ;
; 7        ; 0 / 24 ( 0 % )   ; 2.5V          ; --           ;
; 8        ; 4 / 36 ( 11 % )  ; 2.5V          ; --           ;
+----------+------------------+---------------+--------------+


+---------------------------------------------------------------------------------------------------------------------------------------------------------------------------------------+
; All Package Pins                                                                                                                                                                      ;
+----------+------------+----------+------------------------------------------------+--------+-----------------------+---------+------------+-----------------+----------+--------------+
; Location ; Pad Number ; I/O Bank ; Pin Name/Usage                                 ; Dir.   ; I/O Standard          ; Voltage ; I/O Type   ; User Assignment ; Bus Hold ; Weak Pull Up ;
+----------+------------+----------+------------------------------------------------+--------+-----------------------+---------+------------+-----------------+----------+--------------+
; A1       ;            ;          ; GND                                            ; gnd    ;                       ;         ; --         ;                 ; --       ; --           ;
; A2       ; 233        ; 8        ; RESERVED_INPUT_WITH_WEAK_PULLUP                ;        ;                       ;         ; Column I/O ;                 ; no       ; On           ;
; A3       ; 235        ; 8        ; RESERVED_INPUT_WITH_WEAK_PULLUP                ;        ;                       ;         ; Column I/O ;                 ; no       ; On           ;
; A4       ; 227        ; 8        ; RESERVED_INPUT_WITH_WEAK_PULLUP                ;        ;                       ;         ; Column I/O ;                 ; no       ; On           ;
; A5       ; 225        ; 8        ; RESERVED_INPUT_WITH_WEAK_PULLUP                ;        ;                       ;         ; Column I/O ;                 ; no       ; On           ;
; A6       ; 223        ; 8        ; RESERVED_INPUT_WITH_WEAK_PULLUP                ;        ;                       ;         ; Column I/O ;                 ; no       ; On           ;
; A7       ; 209        ; 7        ; RESERVED_INPUT_WITH_WEAK_PULLUP                ;        ;                       ;         ; Column I/O ;                 ; no       ; On           ;
; A8       ; 211        ; 7        ; RESERVED_INPUT_WITH_WEAK_PULLUP                ;        ;                       ;         ; Column I/O ;                 ; no       ; On           ;
; A9       ; 213        ; 7        ; RESERVED_INPUT_WITH_WEAK_PULLUP                ;        ;                       ;         ; Column I/O ;                 ; no       ; On           ;
; A10      ;            ;          ; NC                                             ;        ;                       ;         ; --         ;                 ; --       ; --           ;
; A11      ;            ;          ; NC                                             ;        ;                       ;         ; --         ;                 ; --       ; --           ;
; A12      ;            ;          ; NC                                             ;        ;                       ;         ; --         ;                 ; --       ; --           ;
; A13      ;            ;          ; NC                                             ;        ;                       ;         ; --         ;                 ; --       ; --           ;
; A14      ; 201        ; 7        ; RESERVED_INPUT_WITH_WEAK_PULLUP                ;        ;                       ;         ; Column I/O ;                 ; no       ; On           ;
; A15      ; 197        ; 7        ; RESERVED_INPUT_WITH_WEAK_PULLUP                ;        ;                       ;         ; Column I/O ;                 ; no       ; On           ;
; A16      ;            ;          ; NC                                             ;        ;                       ;         ; --         ;                 ; --       ; --           ;
; A17      ;            ;          ; NC                                             ;        ;                       ;         ; --         ;                 ; --       ; --           ;
; A18      ;            ;          ; NC                                             ;        ;                       ;         ; --         ;                 ; --       ; --           ;
; A19      ;            ;          ; NC                                             ;        ;                       ;         ; --         ;                 ; --       ; --           ;
; A20      ;            ;          ; NC                                             ;        ;                       ;         ; --         ;                 ; --       ; --           ;
; A21      ;            ;          ; NC                                             ;        ;                       ;         ; --         ;                 ; --       ; --           ;
; A22      ;            ;          ; GND                                            ; gnd    ;                       ;         ; --         ;                 ; --       ; --           ;
; AA1      ; 69         ; 3        ; q[6]                                           ; output ; 2.5 V                 ;         ; Column I/O ; N               ; no       ; Off          ;
; AA2      ; 71         ; 3        ; q[3]                                           ; output ; 2.5 V                 ;         ; Column I/O ; N               ; no       ; Off          ;
; AA3      ; 77         ; 3        ; q[0]                                           ; output ; 2.5 V                 ;         ; Column I/O ; N               ; no       ; Off          ;
; AA4      ;            ;          ; GND                                            ; gnd    ;                       ;         ; --         ;                 ; --       ; --           ;
; AA5      ; 81         ; 3        ; RESERVED_INPUT_WITH_WEAK_PULLUP                ;        ;                       ;         ; Column I/O ;                 ; no       ; On           ;
; AA6      ; 80         ; 3        ; RESERVED_INPUT_WITH_WEAK_PULLUP                ;        ;                       ;         ; Column I/O ;                 ; no       ; On           ;
; AA7      ; 82         ; 3        ; RESERVED_INPUT_WITH_WEAK_PULLUP                ;        ;                       ;         ; Column I/O ;                 ; no       ; On           ;
; AA8      ; 89         ; 3        ; RESERVED_INPUT_WITH_WEAK_PULLUP                ;        ;                       ;         ; Column I/O ;                 ; no       ; On           ;
; AA9      ; 93         ; 3        ; RESERVED_INPUT_WITH_WEAK_PULLUP                ;        ;                       ;         ; Column I/O ;                 ; no       ; On           ;
; AA10     ; 94         ; 3        ; RESERVED_INPUT_WITH_WEAK_PULLUP                ;        ;                       ;         ; Column I/O ;                 ; no       ; On           ;
; AA11     ;            ;          ; NC                                             ;        ;                       ;         ; --         ;                 ; --       ; --           ;
; AA12     ;            ;          ; NC                                             ;        ;                       ;         ; --         ;                 ; --       ; --           ;
; AA13     ; 101        ; 4        ; RESERVED_INPUT_WITH_WEAK_PULLUP                ;        ;                       ;         ; Column I/O ;                 ; --       ; --           ;
; AA14     ; 105        ; 4        ; RESERVED_INPUT_WITH_WEAK_PULLUP                ;        ;                       ;         ; Column I/O ;                 ; no       ; On           ;
; AA15     ; 109        ; 4        ; RESERVED_INPUT_WITH_WEAK_PULLUP                ;        ;                       ;         ; Column I/O ;                 ; no       ; On           ;
; AA16     ; 115        ; 4        ; RESERVED_INPUT_WITH_WEAK_PULLUP                ;        ;                       ;         ; Column I/O ;                 ; no       ; On           ;
; AA17     ;            ;          ; NC                                             ;        ;                       ;         ; --         ;                 ; --       ; --           ;
; AA18     ;            ;          ; GND                                            ; gnd    ;                       ;         ; --         ;                 ; --       ; --           ;
; AA19     ;            ;          ; NC                                             ;        ;                       ;         ; --         ;                 ; --       ; --           ;
; AA20     ;            ;          ; NC                                             ;        ;                       ;         ; --         ;                 ; --       ; --           ;
; AA21     ; 121        ; 5        ; RESERVED_INPUT_WITH_WEAK_PULLUP                ;        ;                       ;         ; Row I/O    ;                 ; no       ; On           ;
; AA22     ; 123        ; 5        ; RESERVED_INPUT_WITH_WEAK_PULLUP                ;        ;                       ;         ; Row I/O    ;                 ; no       ; On           ;
; AB1      ;            ;          ; GND                                            ; gnd    ;                       ;         ; --         ;                 ; --       ; --           ;
; AB2      ;            ;          ; NC                                             ;        ;                       ;         ; --         ;                 ; --       ; --           ;
; AB3      ;            ;          ; NC                                             ;        ;                       ;         ; --         ;                 ; --       ; --           ;
; AB4      ; 79         ; 3        ; address[2]                                     ; input  ; 2.5 V                 ;         ; Column I/O ; N               ; no       ; Off          ;
; AB5      ; 83         ; 3        ; RESERVED_INPUT_WITH_WEAK_PULLUP                ;        ;                       ;         ; Column I/O ;                 ; no       ; On           ;
; AB6      ; 85         ; 3        ; RESERVED_INPUT_WITH_WEAK_PULLUP                ;        ;                       ;         ; Column I/O ;                 ; no       ; On           ;
; AB7      ; 87         ; 3        ; RESERVED_INPUT_WITH_WEAK_PULLUP                ;        ;                       ;         ; Column I/O ;                 ; no       ; On           ;
; AB8      ; 91         ; 3        ; RESERVED_INPUT_WITH_WEAK_PULLUP                ;        ;                       ;         ; Column I/O ;                 ; no       ; On           ;
; AB9      ; 95         ; 3        ; RESERVED_INPUT_WITH_WEAK_PULLUP                ;        ;                       ;         ; Column I/O ;                 ; no       ; On           ;
; AB10     ;            ;          ; NC                                             ;        ;                       ;         ; --         ;                 ; --       ; --           ;
; AB11     ;            ;          ; NC                                             ;        ;                       ;         ; --         ;                 ; --       ; --           ;
; AB12     ;            ;          ; NC                                             ;        ;                       ;         ; --         ;                 ; --       ; --           ;
; AB13     ;            ;          ; NC                                             ;        ;                       ;         ; --         ;                 ; --       ; --           ;
; AB14     ; 103        ; 4        ; RESERVED_INPUT_WITH_WEAK_PULLUP                ;        ;                       ;         ; Column I/O ;                 ; no       ; On           ;
; AB15     ; 107        ; 4        ; RESERVED_INPUT_WITH_WEAK_PULLUP                ;        ;                       ;         ; Column I/O ;                 ; no       ; On           ;
; AB16     ; 113        ; 4        ; RESERVED_INPUT_WITH_WEAK_PULLUP                ;        ;                       ;         ; Column I/O ;                 ; no       ; On           ;
; AB17     ; 117        ; 4        ; RESERVED_INPUT_WITH_WEAK_PULLUP                ;        ;                       ;         ; Column I/O ;                 ; no       ; On           ;
; AB18     ; 119        ; 4        ; RESERVED_INPUT_WITH_WEAK_PULLUP                ;        ;                       ;         ; Column I/O ;                 ; no       ; On           ;
; AB19     ;            ;          ; NC                                             ;        ;                       ;         ; --         ;                 ; --       ; --           ;
; AB20     ;            ;          ; NC                                             ;        ;                       ;         ; --         ;                 ; --       ; --           ;
; AB21     ;            ;          ; NC                                             ;        ;                       ;         ; --         ;                 ; --       ; --           ;
; AB22     ;            ;          ; GND                                            ; gnd    ;                       ;         ; --         ;                 ; --       ; --           ;
; B1       ; 247        ; 8        ; RESERVED_INPUT_WITH_WEAK_PULLUP                ;        ;                       ;         ; Column I/O ;                 ; no       ; On           ;
; B2       ; 245        ; 8        ; RESERVED_INPUT_WITH_WEAK_PULLUP                ;        ;                       ;         ; Column I/O ;                 ; no       ; On           ;
; B3       ; 236        ; 8        ; RESERVED_INPUT_WITH_WEAK_PULLUP                ;        ;                       ;         ; Column I/O ;                 ; no       ; On           ;
; B4       ; 238        ; 8        ; RESERVED_INPUT_WITH_WEAK_PULLUP                ;        ;                       ;         ; Column I/O ;                 ; no       ; On           ;
; B5       ; 237        ; 8        ; RESERVED_INPUT_WITH_WEAK_PULLUP                ;        ;                       ;         ; Column I/O ;                 ; no       ; On           ;
; B6       ;            ;          ; GND                                            ; gnd    ;                       ;         ; --         ;                 ; --       ; --           ;
; B7       ; 221        ; 8        ; RESERVED_INPUT_WITH_WEAK_PULLUP                ;        ;                       ;         ; Column I/O ;                 ; no       ; On           ;
; B8       ; 215        ; 7        ; RESERVED_INPUT_WITH_WEAK_PULLUP                ;        ;                       ;         ; Column I/O ;                 ; no       ; On           ;
; B9       ;            ;          ; GND                                            ; gnd    ;                       ;         ; --         ;                 ; --       ; --           ;
; B10      ; 212        ; 7        ; RESERVED_INPUT_WITH_WEAK_PULLUP                ;        ;                       ;         ; Column I/O ;                 ; no       ; On           ;
; B11      ;            ;          ; NC                                             ;        ;                       ;         ; --         ;                 ; --       ; --           ;
; B12      ;            ;          ; NC                                             ;        ;                       ;         ; --         ;                 ; --       ; --           ;
; B13      ;            ;          ; GND                                            ; gnd    ;                       ;         ; --         ;                 ; --       ; --           ;
; B14      ; 203        ; 7        ; RESERVED_INPUT_WITH_WEAK_PULLUP                ;        ;                       ;         ; Column I/O ;                 ; no       ; On           ;
; B15      ; 199        ; 7        ; RESERVED_INPUT_WITH_WEAK_PULLUP                ;        ;                       ;         ; Column I/O ;                 ; --       ; --           ;
; B16      ;            ;          ; NC                                             ;        ;                       ;         ; --         ;                 ; --       ; --           ;
; B17      ;            ;          ; NC                                             ;        ;                       ;         ; --         ;                 ; --       ; --           ;
; B18      ;            ;          ; GND                                            ; gnd    ;                       ;         ; --         ;                 ; --       ; --           ;
; B19      ;            ;          ; NC                                             ;        ;                       ;         ; --         ;                 ; --       ; --           ;
; B20      ;            ;          ; NC                                             ;        ;                       ;         ; --         ;                 ; --       ; --           ;
; B21      ;            ;          ; NC                                             ;        ;                       ;         ; --         ;                 ; --       ; --           ;
; B22      ;            ;          ; NC                                             ;        ;                       ;         ; --         ;                 ; --       ; --           ;
; C1       ; 21         ; 1B       ; RESERVED_INPUT_WITH_WEAK_PULLUP                ;        ;                       ;         ; Row I/O    ;                 ; --       ; --           ;
; C2       ; 251        ; 8        ; RESERVED_INPUT_WITH_WEAK_PULLUP                ;        ;                       ;         ; Column I/O ;                 ; no       ; On           ;
; C3       ; 249        ; 8        ; RESERVED_INPUT_WITH_WEAK_PULLUP                ;        ;                       ;         ; Column I/O ;                 ; no       ; On           ;
; C4       ; 239        ; 8        ; RESERVED_INPUT_WITH_WEAK_PULLUP                ;        ;                       ;         ; Column I/O ;                 ; no       ; On           ;
; C5       ; 241        ; 8        ; RESERVED_INPUT_WITH_WEAK_PULLUP                ;        ;                       ;         ; Column I/O ;                 ; no       ; On           ;
; C6       ; 229        ; 8        ; RESERVED_INPUT_WITH_WEAK_PULLUP                ;        ;                       ;         ; Column I/O ;                 ; no       ; On           ;
; C7       ; 219        ; 8        ; RESERVED_INPUT_WITH_WEAK_PULLUP                ;        ;                       ;         ; Column I/O ;                 ; no       ; On           ;
; C8       ; 217        ; 8        ; RESERVED_INPUT_WITH_WEAK_PULLUP                ;        ;                       ;         ; Column I/O ;                 ; no       ; On           ;
; C9       ; 214        ; 7        ; RESERVED_INPUT_WITH_WEAK_PULLUP                ;        ;                       ;         ; Column I/O ;                 ; no       ; On           ;
; C10      ;            ;          ; NC                                             ;        ;                       ;         ; --         ;                 ; --       ; --           ;
; C11      ;            ;          ; NC                                             ;        ;                       ;         ; --         ;                 ; --       ; --           ;
; C12      ;            ;          ; NC                                             ;        ;                       ;         ; --         ;                 ; --       ; --           ;
; C13      ; 202        ; 7        ; RESERVED_INPUT_WITH_WEAK_PULLUP                ;        ;                       ;         ; Column I/O ;                 ; no       ; On           ;
; C14      ; 200        ; 7        ; RESERVED_INPUT_WITH_WEAK_PULLUP                ;        ;                       ;         ; Column I/O ;                 ; no       ; On           ;
; C15      ;            ;          ; NC                                             ;        ;                       ;         ; --         ;                 ; --       ; --           ;
; C16      ;            ;          ; NC                                             ;        ;                       ;         ; --         ;                 ; --       ; --           ;
; C17      ; 195        ; 7        ; RESERVED_INPUT_WITH_WEAK_PULLUP                ;        ;                       ;         ; Column I/O ;                 ; no       ; On           ;
; C18      ;            ;          ; NC                                             ;        ;                       ;         ; --         ;                 ; --       ; --           ;
; C19      ;            ;          ; NC                                             ;        ;                       ;         ; --         ;                 ; --       ; --           ;
; C20      ; 185        ; 6        ; RESERVED_INPUT_WITH_WEAK_PULLUP                ;        ;                       ;         ; Row I/O    ;                 ; no       ; On           ;
; C21      ; 175        ; 6        ; RESERVED_INPUT_WITH_WEAK_PULLUP                ;        ;                       ;         ; Row I/O    ;                 ; no       ; On           ;
; C22      ; 171        ; 6        ; RESERVED_INPUT_WITH_WEAK_PULLUP                ;        ;                       ;         ; Row I/O    ;                 ; no       ; On           ;
; D1       ; 23         ; 1B       ; RESERVED_INPUT_WITH_WEAK_PULLUP                ;        ;                       ;         ; Row I/O    ;                 ; no       ; On           ;
; D2       ; 19         ; 1B       ; RESERVED_INPUT_WITH_WEAK_PULLUP                ;        ;                       ;         ; Row I/O    ;                 ; no       ; On           ;
; D3       ; 17         ; 1B       ; RESERVED_INPUT_WITH_WEAK_PULLUP                ;        ;                       ;         ; Row I/O    ;                 ; no       ; On           ;
; D4       ;            ;          ; GND                                            ; gnd    ;                       ;         ; --         ;                 ; --       ; --           ;
; D5       ; 243        ; 8        ; RESERVED_INPUT_WITH_WEAK_PULLUP                ;        ;                       ;         ; Column I/O ;                 ; no       ; On           ;
; D6       ; 248        ; 8        ; RESERVED_INPUT_WITH_WEAK_PULLUP                ;        ;                       ;         ; Column I/O ;                 ; no       ; On           ;
; D7       ; 231        ; 8        ; RESERVED_INPUT_WITH_WEAK_PULLUP                ;        ;                       ;         ; Column I/O ;                 ; --       ; --           ;
; D8       ; 224        ; 8        ; RESERVED_INPUT_WITH_WEAK_PULLUP                ;        ;                       ;         ; Column I/O ;                 ; no       ; On           ;
; D9       ; 226        ; 8        ; RESERVED_INPUT_WITH_WEAK_PULLUP                ;        ;                       ;         ; Column I/O ;                 ; no       ; On           ;
; D10      ; 228        ; 8        ; RESERVED_INPUT_WITH_WEAK_PULLUP                ;        ;                       ;         ; Column I/O ;                 ; no       ; On           ;
; D11      ;            ;          ; GND                                            ; gnd    ;                       ;         ; --         ;                 ; --       ; --           ;
; D12      ;            ;          ; NC                                             ;        ;                       ;         ; --         ;                 ; --       ; --           ;
; D13      ; 207        ; 7        ; RESERVED_INPUT_WITH_WEAK_PULLUP                ;        ;                       ;         ; Column I/O ;                 ; no       ; On           ;
; D14      ; 204        ; 7        ; RESERVED_INPUT_WITH_WEAK_PULLUP                ;        ;                       ;         ; Column I/O ;                 ; no       ; On           ;
; D15      ;            ;          ; NC                                             ;        ;                       ;         ; --         ;                 ; --       ; --           ;
; D16      ;            ;          ; GND                                            ; gnd    ;                       ;         ; --         ;                 ; --       ; --           ;
; D17      ; 193        ; 7        ; RESERVED_INPUT_WITH_WEAK_PULLUP                ;        ;                       ;         ; Column I/O ;                 ; no       ; On           ;
; D18      ; 189        ; 6        ; RESERVED_INPUT_WITH_WEAK_PULLUP                ;        ;                       ;         ; Row I/O    ;                 ; no       ; On           ;
; D19      ; 187        ; 6        ; RESERVED_INPUT_WITH_WEAK_PULLUP                ;        ;                       ;         ; Row I/O    ;                 ; no       ; On           ;
; D20      ;            ;          ; GND                                            ; gnd    ;                       ;         ; --         ;                 ; --       ; --           ;
; D21      ; 173        ; 6        ; RESERVED_INPUT_WITH_WEAK_PULLUP                ;        ;                       ;         ; Row I/O    ;                 ; --       ; --           ;
; D22      ; 169        ; 6        ; RESERVED_INPUT_WITH_WEAK_PULLUP                ;        ;                       ;         ; Row I/O    ;                 ; no       ; On           ;
; E1       ; 29         ; 1B       ; RESERVED_INPUT_WITH_WEAK_PULLUP                ;        ;                       ;         ; Row I/O    ;                 ; no       ; On           ;
; E2       ;            ;          ; GND                                            ; gnd    ;                       ;         ; --         ;                 ; --       ; --           ;
; E3       ; 3          ; 1A       ; RESERVED_INPUT_WITH_WEAK_PULLUP                ;        ;                       ;         ; Row I/O    ;                 ; no       ; On           ;
; E4       ; 1          ; 1A       ; RESERVED_INPUT_WITH_WEAK_PULLUP                ;        ;                       ;         ; Row I/O    ;                 ; no       ; On           ;
; E5       ;            ;          ; GND                                            ; gnd    ;                       ;         ; --         ;                 ; --       ; --           ;
; E6       ; 250        ; 8        ; RESERVED_INPUT_WITH_WEAK_PULLUP                ;        ;                       ;         ; Column I/O ;                 ; no       ; On           ;
; E7       ;            ;          ; GND                                            ; gnd    ;                       ;         ; --         ;                 ; --       ; --           ;
; E8       ; 240        ; 8        ; RESERVED_INPUT_WITH_WEAK_PULLUP                ;        ;                       ;         ; Column I/O ;                 ; no       ; On           ;
; E9       ; 230        ; 8        ; RESERVED_INPUT_WITH_WEAK_PULLUP                ;        ;                       ;         ; Column I/O ;                 ; no       ; On           ;
; E10      ; 218        ; 8        ; RESERVED_INPUT_WITH_WEAK_PULLUP                ;        ;                       ;         ; Column I/O ;                 ; no       ; On           ;
; E11      ; 216        ; 8        ; RESERVED_INPUT_WITH_WEAK_PULLUP                ;        ;                       ;         ; Column I/O ;                 ; no       ; On           ;
; E12      ; 205        ; 7        ; RESERVED_INPUT_WITH_WEAK_PULLUP                ;        ;                       ;         ; Column I/O ;                 ; no       ; On           ;
; E13      ; 206        ; 7        ; RESERVED_INPUT_WITH_WEAK_PULLUP                ;        ;                       ;         ; Column I/O ;                 ; no       ; On           ;
; E14      ;            ;          ; NC                                             ;        ;                       ;         ; --         ;                 ; --       ; --           ;
; E15      ; 194        ; 7        ; RESERVED_INPUT_WITH_WEAK_PULLUP                ;        ;                       ;         ; Column I/O ;                 ; no       ; On           ;
; E16      ; 192        ; 7        ; RESERVED_INPUT_WITH_WEAK_PULLUP                ;        ;                       ;         ; Column I/O ;                 ; no       ; On           ;
; E17      ;            ;          ; NC                                             ;        ;                       ;         ; --         ;                 ; --       ; --           ;
; E18      ; 191        ; 6        ; RESERVED_INPUT_WITH_WEAK_PULLUP                ;        ;                       ;         ; Row I/O    ;                 ; no       ; On           ;
; E19      ; 180        ; 6        ; RESERVED_INPUT_WITH_WEAK_PULLUP                ;        ;                       ;         ; Row I/O    ;                 ; no       ; On           ;
; E20      ;            ;          ; NC                                             ;        ;                       ;         ; --         ;                 ; --       ; --           ;
; E21      ; 163        ; 6        ; RESERVED_INPUT_WITH_WEAK_PULLUP                ;        ;                       ;         ; Row I/O    ;                 ; no       ; On           ;
; E22      ; 161        ; 6        ; RESERVED_INPUT_WITH_WEAK_PULLUP                ;        ;                       ;         ; Row I/O    ;                 ; no       ; On           ;
; F1       ; 35         ; 1B       ; RESERVED_INPUT_WITH_WEAK_PULLUP                ;        ;                       ;         ; Row I/O    ;                 ; no       ; On           ;
; F2       ; 31         ; 1B       ; RESERVED_INPUT_WITH_WEAK_PULLUP                ;        ;                       ;         ; Row I/O    ;                 ; no       ; On           ;
; F3       ; 7          ; 1A       ; RESERVED_INPUT_WITH_WEAK_PULLUP                ;        ;                       ;         ; Row I/O    ;                 ; no       ; On           ;
; F4       ; 2          ; 1A       ; RESERVED_INPUT_WITH_WEAK_PULLUP                ;        ;                       ;         ; Row I/O    ;                 ; no       ; On           ;
; F5       ; 0          ; 1A       ; RESERVED_INPUT_WITH_WEAK_PULLUP                ;        ;                       ;         ; Row I/O    ;                 ; no       ; On           ;
; F6       ;            ;          ; GND                                            ; gnd    ;                       ;         ; --         ;                 ; --       ; --           ;
; F7       ; 242        ; 8        ; RESERVED_INPUT_WITH_WEAK_PULLUP                ;        ;                       ;         ; Column I/O ;                 ; no       ; On           ;
; F8       ; 246        ; 8        ; ~ALTERA_CONF_DONE~ / RESERVED_INPUT            ; input  ; 2.5 V Schmitt Trigger ;         ; Column I/O ; N               ; no       ; Off          ;
; F9       ;            ; 8        ; VCCIO8                                         ; power  ;                       ; 2.5V    ; --         ;                 ; --       ; --           ;
; F10      ;            ;          ; GND                                            ; gnd    ;                       ;         ; --         ;                 ; --       ; --           ;
; F11      ;            ; 8        ; VCCIO8                                         ; power  ;                       ; 2.5V    ; --         ;                 ; --       ; --           ;
; F12      ;            ; 7        ; VCCIO7                                         ; power  ;                       ; 2.5V    ; --         ;                 ; --       ; --           ;
; F13      ;            ;          ; GND                                            ; gnd    ;                       ;         ; --         ;                 ; --       ; --           ;
; F14      ;            ; 7        ; VCCIO7                                         ; power  ;                       ; 2.5V    ; --         ;                 ; --       ; --           ;
; F15      ;            ;          ; NC                                             ;        ;                       ;         ; --         ;                 ; --       ; --           ;
; F16      ;            ;          ; NC                                             ;        ;                       ;         ; --         ;                 ; --       ; --           ;
; F17      ;            ;          ; NC                                             ;        ;                       ;         ; --         ;                 ; --       ; --           ;
; F18      ; 182        ; 6        ; RESERVED_INPUT_WITH_WEAK_PULLUP                ;        ;                       ;         ; Row I/O    ;                 ; no       ; On           ;
; F19      ;            ;          ; NC                                             ;        ;                       ;         ; --         ;                 ; --       ; --           ;
; F20      ; 170        ; 6        ; RESERVED_INPUT_WITH_WEAK_PULLUP                ;        ;                       ;         ; Row I/O    ;                 ; no       ; On           ;
; F21      ; 168        ; 6        ; RESERVED_INPUT_WITH_WEAK_PULLUP                ;        ;                       ;         ; Row I/O    ;                 ; no       ; On           ;
; F22      ; 159        ; 6        ; RESERVED_INPUT_WITH_WEAK_PULLUP                ;        ;                       ;         ; Row I/O    ;                 ; no       ; On           ;
; G1       ; 33         ; 1B       ; RESERVED_INPUT_WITH_WEAK_PULLUP                ;        ;                       ;         ; Row I/O    ;                 ; no       ; On           ;
; G2       ; 22         ; 1B       ; ~ALTERA_TCK~ / RESERVED_INPUT                  ; input  ; 2.5 V Schmitt Trigger ;         ; Row I/O    ; N               ; no       ; Off          ;
; G3       ; 11         ; 1A       ; RESERVED_INPUT_WITH_WEAK_PULLUP                ;        ;                       ;         ; Row I/O    ;                 ; no       ; On           ;
; G4       ; 5          ; 1A       ; RESERVED_INPUT_WITH_WEAK_PULLUP                ;        ;                       ;         ; Row I/O    ;                 ; no       ; On           ;
; G5       ;            ;          ; ANAIN1                                         ;        ;                       ;         ; --         ;                 ; --       ; --           ;
; G6       ;            ;          ; GND                                            ; gnd    ;                       ;         ; --         ;                 ; --       ; --           ;
; G7       ;            ;          ; NC                                             ;        ;                       ;         ; --         ;                 ; --       ; --           ;
; G8       ;            ;          ; GND                                            ; gnd    ;                       ;         ; --         ;                 ; --       ; --           ;
; G9       ; 244        ; 8        ; ~ALTERA_nSTATUS~ / RESERVED_INPUT              ; input  ; 2.5 V Schmitt Trigger ;         ; Column I/O ; N               ; no       ; Off          ;
; G10      ;            ; 8        ; VCCIO8                                         ; power  ;                       ; 2.5V    ; --         ;                 ; --       ; --           ;
; G11      ;            ; 8        ; VCCIO8                                         ; power  ;                       ; 2.5V    ; --         ;                 ; --       ; --           ;
; G12      ;            ; 7        ; VCCIO7                                         ; power  ;                       ; 2.5V    ; --         ;                 ; --       ; --           ;
; G13      ;            ; 7        ; VCCIO7                                         ; power  ;                       ; 2.5V    ; --         ;                 ; --       ; --           ;
; G14      ;            ; 7        ; VCCIO7                                         ; power  ;                       ; 2.5V    ; --         ;                 ; --       ; --           ;
; G15      ;            ;          ; GND                                            ; gnd    ;                       ;         ; --         ;                 ; --       ; --           ;
; G16      ;            ;          ; VCCD_PLL2                                      ; power  ;                       ; 1.2V    ; --         ;                 ; --       ; --           ;
; G17      ; 190        ; 6        ; RESERVED_INPUT_WITH_WEAK_PULLUP                ;        ;                       ;         ; Row I/O    ;                 ; no       ; On           ;
; G18      ;            ;          ; GND                                            ; gnd    ;                       ;         ; --         ;                 ; --       ; --           ;
; G19      ; 158        ; 6        ; RESERVED_INPUT_WITH_WEAK_PULLUP                ;        ;                       ;         ; Row I/O    ;                 ; no       ; On           ;
; G20      ; 156        ; 6        ; RESERVED_INPUT_WITH_WEAK_PULLUP                ;        ;                       ;         ; Row I/O    ;                 ; no       ; On           ;
; G21      ;            ;          ; GND                                            ; gnd    ;                       ;         ; --         ;                 ; --       ; --           ;
; G22      ; 157        ; 6        ; RESERVED_INPUT_WITH_WEAK_PULLUP                ;        ;                       ;         ; Row I/O    ;                 ; no       ; On           ;
; H1       ; 32         ; 1B       ; RESERVED_INPUT_WITH_WEAK_PULLUP                ;        ;                       ;         ; Row I/O    ;                 ; no       ; On           ;
; H2       ; 20         ; 1B       ; ~ALTERA_TMS~ / RESERVED_INPUT_WITH_WEAK_PULLUP ; input  ; 2.5 V Schmitt Trigger ;         ; Row I/O    ; N               ; no       ; On           ;
; H3       ; 10         ; 1A       ; RESERVED_INPUT_WITH_WEAK_PULLUP                ;        ;                       ;         ; Row I/O    ;                 ; no       ; On           ;
; H4       ; 9          ; 1A       ; RESERVED_INPUT_WITH_WEAK_PULLUP                ;        ;                       ;         ; Row I/O    ;                 ; no       ; On           ;
; H5       ;            ;          ; REFGND                                         ;        ;                       ;         ; --         ;                 ; --       ; --           ;
; H6       ;            ;          ; ADC_VREF                                       ;        ;                       ;         ; --         ;                 ; --       ; --           ;
; H7       ;            ; --       ; VCCA_ADC                                       ; power  ;                       ; 2.5V    ; --         ;                 ; --       ; --           ;
; H8       ;            ; --       ; VCCA3                                          ; power  ;                       ; 2.5V    ; --         ;                 ; --       ; --           ;
; H9       ; 234        ; 8        ; ~ALTERA_nCONFIG~ / RESERVED_INPUT              ; input  ; 2.5 V Schmitt Trigger ;         ; Column I/O ; N               ; no       ; Off          ;
; H10      ; 232        ; 8        ; ~ALTERA_CONFIG_SEL~ / RESERVED_INPUT           ; input  ; 2.5 V                 ;         ; Column I/O ; N               ; no       ; Off          ;
; H11      ; 222        ; 8        ; RESERVED_INPUT_WITH_WEAK_PULLUP                ;        ;                       ;         ; Column I/O ;                 ; no       ; On           ;
; H12      ; 208        ; 7        ; RESERVED_INPUT_WITH_WEAK_PULLUP                ;        ;                       ;         ; Column I/O ;                 ; no       ; On           ;
; H13      ;            ;          ; NC                                             ;        ;                       ;         ; --         ;                 ; --       ; --           ;
; H14      ; 196        ; 7        ; RESERVED_INPUT_WITH_WEAK_PULLUP                ;        ;                       ;         ; Column I/O ;                 ; no       ; On           ;
; H15      ;            ; --       ; VCCA2                                          ; power  ;                       ; 2.5V    ; --         ;                 ; --       ; --           ;
; H16      ;            ; 6        ; VCCIO6                                         ; power  ;                       ; 2.5V    ; --         ;                 ; --       ; --           ;
; H17      ; 188        ; 6        ; RESERVED_INPUT_WITH_WEAK_PULLUP                ;        ;                       ;         ; Row I/O    ;                 ; no       ; On           ;
; H18      ;            ;          ; NC                                             ;        ;                       ;         ; --         ;                 ; --       ; --           ;
; H19      ;            ;          ; NC                                             ;        ;                       ;         ; --         ;                 ; --       ; --           ;
; H20      ;            ;          ; NC                                             ;        ;                       ;         ; --         ;                 ; --       ; --           ;
; H21      ; 151        ; 6        ; RESERVED_INPUT_WITH_WEAK_PULLUP                ;        ;                       ;         ; Row I/O    ;                 ; no       ; On           ;
; H22      ; 149        ; 6        ; RESERVED_INPUT_WITH_WEAK_PULLUP                ;        ;                       ;         ; Row I/O    ;                 ; no       ; On           ;
; J1       ; 34         ; 1B       ; RESERVED_INPUT_WITH_WEAK_PULLUP                ;        ;                       ;         ; Row I/O    ;                 ; no       ; On           ;
; J2       ;            ;          ; GND                                            ; gnd    ;                       ;         ; --         ;                 ; --       ; --           ;
; J3       ; 15         ; 1A       ; RESERVED_INPUT_WITH_WEAK_PULLUP                ;        ;                       ;         ; Row I/O    ;                 ; no       ; On           ;
; J4       ; 8          ; 1A       ; RESERVED_INPUT_WITH_WEAK_PULLUP                ;        ;                       ;         ; Row I/O    ;                 ; no       ; On           ;
; J5       ;            ;          ; NC                                             ;        ;                       ;         ; --         ;                 ; --       ; --           ;
; J6       ;            ;          ; GND                                            ; gnd    ;                       ;         ; --         ;                 ; --       ; --           ;
; J7       ;            ;          ; VCCINT                                         ; power  ;                       ; 1.2V    ; --         ;                 ; --       ; --           ;
; J8       ; 4          ; 1A       ; RESERVED_INPUT_WITH_WEAK_PULLUP                ;        ;                       ;         ; Row I/O    ;                 ; no       ; On           ;
; J9       ; 6          ; 1A       ; RESERVED_INPUT_WITH_WEAK_PULLUP                ;        ;                       ;         ; Row I/O    ;                 ; no       ; On           ;
; J10      ; 220        ; 8        ; RESERVED_INPUT_WITH_WEAK_PULLUP                ;        ;                       ;         ; Column I/O ;                 ; no       ; On           ;
; J11      ; 210        ; 7        ; RESERVED_INPUT_WITH_WEAK_PULLUP                ;        ;                       ;         ; Column I/O ;                 ; no       ; On           ;
; J12      ;            ;          ; NC                                             ;        ;                       ;         ; --         ;                 ; --       ; --           ;
; J13      ; 198        ; 7        ; RESERVED_INPUT_WITH_WEAK_PULLUP                ;        ;                       ;         ; Column I/O ;                 ; no       ; On           ;
; J14      ;            ;          ; NC                                             ;        ;                       ;         ; --         ;                 ; --       ; --           ;
; J15      ;            ;          ; NC                                             ;        ;                       ;         ; --         ;                 ; --       ; --           ;
; J16      ;            ;          ; GND                                            ; gnd    ;                       ;         ; --         ;                 ; --       ; --           ;
; J17      ;            ; 6        ; VCCIO6                                         ; power  ;                       ; 2.5V    ; --         ;                 ; --       ; --           ;
; J18      ;            ;          ; NC                                             ;        ;                       ;         ; --         ;                 ; --       ; --           ;
; J19      ;            ;          ; GND                                            ; gnd    ;                       ;         ; --         ;                 ; --       ; --           ;
; J20      ;            ;          ; NC                                             ;        ;                       ;         ; --         ;                 ; --       ; --           ;
; J21      ; 155        ; 6        ; RESERVED_INPUT_WITH_WEAK_PULLUP                ;        ;                       ;         ; Row I/O    ;                 ; no       ; On           ;
; J22      ; 153        ; 6        ; RESERVED_INPUT_WITH_WEAK_PULLUP                ;        ;                       ;         ; Row I/O    ;                 ; no       ; On           ;
; K1       ;            ;          ; NC                                             ;        ;                       ;         ; --         ;                 ; --       ; --           ;
; K2       ; 25         ; 1B       ; RESERVED_INPUT_WITH_WEAK_PULLUP                ;        ;                       ;         ; Row I/O    ;                 ; no       ; On           ;
; K3       ;            ;          ; GND                                            ; gnd    ;                       ;         ; --         ;                 ; --       ; --           ;
; K4       ; 13         ; 1A       ; RESERVED_INPUT_WITH_WEAK_PULLUP                ;        ;                       ;         ; Row I/O    ;                 ; no       ; On           ;
; K5       ; 12         ; 1A       ; RESERVED_INPUT_WITH_WEAK_PULLUP                ;        ;                       ;         ; Row I/O    ;                 ; no       ; On           ;
; K6       ; 14         ; 1A       ; RESERVED_INPUT_WITH_WEAK_PULLUP                ;        ;                       ;         ; Row I/O    ;                 ; no       ; On           ;
; K7       ;            ; 1A       ; VCCIO1A                                        ; power  ;                       ; 2.5V    ; --         ;                 ; --       ; --           ;
; K8       ; 16         ; 1B       ; RESERVED_INPUT_WITH_WEAK_PULLUP                ;        ;                       ;         ; Row I/O    ;                 ; no       ; On           ;
; K9       ; 18         ; 1B       ; RESERVED_INPUT_WITH_WEAK_PULLUP                ;        ;                       ;         ; Row I/O    ;                 ; no       ; On           ;
; K10      ;            ;          ; GND                                            ; gnd    ;                       ;         ; --         ;                 ; --       ; --           ;
; K11      ;            ; --       ; VCC                                            ; power  ;                       ; 1.2V    ; --         ;                 ; --       ; --           ;
; K12      ;            ;          ; GND                                            ; gnd    ;                       ;         ; --         ;                 ; --       ; --           ;
; K13      ;            ; --       ; VCC                                            ; power  ;                       ; 1.2V    ; --         ;                 ; --       ; --           ;
; K14      ; 184        ; 6        ; RESERVED_INPUT_WITH_WEAK_PULLUP                ;        ;                       ;         ; Row I/O    ;                 ; no       ; On           ;
; K15      ; 186        ; 6        ; RESERVED_INPUT_WITH_WEAK_PULLUP                ;        ;                       ;         ; Row I/O    ;                 ; no       ; On           ;
; K16      ;            ; 6        ; VCCIO6                                         ; power  ;                       ; 2.5V    ; --         ;                 ; --       ; --           ;
; K17      ;            ; 6        ; VCCIO6                                         ; power  ;                       ; 2.5V    ; --         ;                 ; --       ; --           ;
; K18      ;            ;          ; NC                                             ;        ;                       ;         ; --         ;                 ; --       ; --           ;
; K19      ;            ;          ; NC                                             ;        ;                       ;         ; --         ;                 ; --       ; --           ;
; K20      ;            ;          ; NC                                             ;        ;                       ;         ; --         ;                 ; --       ; --           ;
; K21      ; 154        ; 6        ; RESERVED_INPUT_WITH_WEAK_PULLUP                ;        ;                       ;         ; Row I/O    ;                 ; no       ; On           ;
; K22      ; 152        ; 6        ; RESERVED_INPUT_WITH_WEAK_PULLUP                ;        ;                       ;         ; Row I/O    ;                 ; no       ; On           ;
; L1       ;            ;          ; NC                                             ;        ;                       ;         ; --         ;                 ; --       ; --           ;
; L2       ; 27         ; 1B       ; RESERVED_INPUT_WITH_WEAK_PULLUP                ;        ;                       ;         ; Row I/O    ;                 ; no       ; On           ;
; L3       ;            ;          ; DNU                                            ;        ;                       ;         ; --         ;                 ; --       ; --           ;
; L4       ; 24         ; 1B       ; ~ALTERA_TDI~ / RESERVED_INPUT_WITH_WEAK_PULLUP ; input  ; 2.5 V Schmitt Trigger ;         ; Row I/O    ; N               ; no       ; On           ;
; L5       ;            ;          ; GND                                            ; gnd    ;                       ;         ; --         ;                 ; --       ; --           ;
; L6       ;            ; 1A       ; VCCIO1A                                        ; power  ;                       ; 2.5V    ; --         ;                 ; --       ; --           ;
; L7       ;            ; 1B       ; VCCIO1B                                        ; power  ;                       ; 2.5V    ; --         ;                 ; --       ; --           ;
; L8       ; 28         ; 1B       ; RESERVED_INPUT_WITH_WEAK_PULLUP                ;        ;                       ;         ; Row I/O    ;                 ; no       ; On           ;
; L9       ; 30         ; 1B       ; RESERVED_INPUT_WITH_WEAK_PULLUP                ;        ;                       ;         ; Row I/O    ;                 ; no       ; On           ;
; L10      ;            ; --       ; VCC                                            ; power  ;                       ; 1.2V    ; --         ;                 ; --       ; --           ;
; L11      ;            ; --       ; VCC                                            ; power  ;                       ; 1.2V    ; --         ;                 ; --       ; --           ;
; L12      ;            ; --       ; VCC                                            ; power  ;                       ; 1.2V    ; --         ;                 ; --       ; --           ;
; L13      ;            ;          ; GND                                            ; gnd    ;                       ;         ; --         ;                 ; --       ; --           ;
; L14      ; 172        ; 6        ; RESERVED_INPUT_WITH_WEAK_PULLUP                ;        ;                       ;         ; Row I/O    ;                 ; no       ; On           ;
; L15      ; 174        ; 6        ; RESERVED_INPUT_WITH_WEAK_PULLUP                ;        ;                       ;         ; Row I/O    ;                 ; no       ; On           ;
; L16      ;            ; 6        ; VCCIO6                                         ; power  ;                       ; 2.5V    ; --         ;                 ; --       ; --           ;
; L17      ;            ;          ; GND                                            ; gnd    ;                       ;         ; --         ;                 ; --       ; --           ;
; L18      ; 178        ; 6        ; RESERVED_INPUT_WITH_WEAK_PULLUP                ;        ;                       ;         ; Row I/O    ;                 ; no       ; On           ;
; L19      ; 177        ; 6        ; RESERVED_INPUT_WITH_WEAK_PULLUP                ;        ;                       ;         ; Row I/O    ;                 ; no       ; On           ;
; L20      ; 179        ; 6        ; RESERVED_INPUT_WITH_WEAK_PULLUP                ;        ;                       ;         ; Row I/O    ;                 ; no       ; On           ;
; L21      ;            ;          ; GND                                            ; gnd    ;                       ;         ; --         ;                 ; --       ; --           ;
; L22      ; 146        ; 5        ; RESERVED_INPUT_WITH_WEAK_PULLUP                ;        ;                       ;         ; Row I/O    ;                 ; no       ; On           ;
; M1       ; 47         ; 2        ; RESERVED_INPUT_WITH_WEAK_PULLUP                ;        ;                       ;         ; Row I/O    ;                 ; no       ; On           ;
; M2       ; 45         ; 2        ; RESERVED_INPUT_WITH_WEAK_PULLUP                ;        ;                       ;         ; Row I/O    ;                 ; --       ; --           ;
; M3       ;            ;          ; NC                                             ;        ;                       ;         ; --         ;                 ; --       ; --           ;
; M4       ;            ;          ; NC                                             ;        ;                       ;         ; --         ;                 ; --       ; --           ;
; M5       ; 26         ; 1B       ; ~ALTERA_TDO~                                   ; output ; 2.5 V                 ;         ; Row I/O    ; N               ; no       ; Off          ;
; M6       ;            ; 1B       ; VCCIO1B                                        ; power  ;                       ; 2.5V    ; --         ;                 ; --       ; --           ;
; M7       ;            ;          ; GND                                            ; gnd    ;                       ;         ; --         ;                 ; --       ; --           ;
; M8       ; 40         ; 2        ; clock                                          ; input  ; 2.5 V                 ;         ; Row I/O    ; N               ; no       ; Off          ;
; M9       ; 42         ; 2        ; aclr                                           ; input  ; 2.5 V                 ;         ; Row I/O    ; N               ; no       ; Off          ;
; M10      ;            ;          ; GND                                            ; gnd    ;                       ;         ; --         ;                 ; --       ; --           ;
; M11      ;            ; --       ; VCC                                            ; power  ;                       ; 1.2V    ; --         ;                 ; --       ; --           ;
; M12      ;            ; --       ; VCC                                            ; power  ;                       ; 1.2V    ; --         ;                 ; --       ; --           ;
; M13      ;            ; --       ; VCC                                            ; power  ;                       ; 1.2V    ; --         ;                 ; --       ; --           ;
; M14      ; 162        ; 6        ; RESERVED_INPUT_WITH_WEAK_PULLUP                ;        ;                       ;         ; Row I/O    ;                 ; no       ; On           ;
; M15      ; 160        ; 6        ; RESERVED_INPUT_WITH_WEAK_PULLUP                ;        ;                       ;         ; Row I/O    ;                 ; no       ; On           ;
; M16      ;            ;          ; GND                                            ; gnd    ;                       ;         ; --         ;                 ; --       ; --           ;
; M17      ;            ; 6        ; VCCIO6                                         ; power  ;                       ; 2.5V    ; --         ;                 ; --       ; --           ;
; M18      ; 176        ; 6        ; RESERVED_INPUT_WITH_WEAK_PULLUP                ;        ;                       ;         ; Row I/O    ;                 ; no       ; On           ;
; M19      ;            ;          ; GND                                            ; gnd    ;                       ;         ; --         ;                 ; --       ; --           ;
; M20      ; 165        ; 6        ; RESERVED_INPUT_WITH_WEAK_PULLUP                ;        ;                       ;         ; Row I/O    ;                 ; no       ; On           ;
; M21      ; 144        ; 5        ; RESERVED_INPUT_WITH_WEAK_PULLUP                ;        ;                       ;         ; Row I/O    ;                 ; no       ; On           ;
; M22      ; 147        ; 5        ; RESERVED_INPUT_WITH_WEAK_PULLUP                ;        ;                       ;         ; Row I/O    ;                 ; no       ; On           ;
; N1       ; 55         ; 2        ; q[1]                                           ; output ; 2.5 V                 ;         ; Row I/O    ; N               ; no       ; Off          ;
; N2       ; 43         ; 2        ; RESERVED_INPUT_WITH_WEAK_PULLUP                ;        ;                       ;         ; Row I/O    ;                 ; no       ; On           ;
; N3       ; 41         ; 2        ; RESERVED_INPUT_WITH_WEAK_PULLUP                ;        ;                       ;         ; Row I/O    ;                 ; no       ; On           ;
; N4       ; 36         ; 2        ; RESERVED_INPUT_WITH_WEAK_PULLUP                ;        ;                       ;         ; Row I/O    ;                 ; no       ; On           ;
; N5       ; 38         ; 2        ; RESERVED_INPUT_WITH_WEAK_PULLUP                ;        ;                       ;         ; Row I/O    ;                 ; no       ; On           ;
; N6       ;            ; 2        ; VCCIO2                                         ; power  ;                       ; 2.5V    ; --         ;                 ; --       ; --           ;
; N7       ;            ; 2        ; VCCIO2                                         ; power  ;                       ; 2.5V    ; --         ;                 ; --       ; --           ;
; N8       ; 52         ; 2        ; RESERVED_INPUT_WITH_WEAK_PULLUP                ;        ;                       ;         ; Row I/O    ;                 ; no       ; On           ;
; N9       ; 54         ; 2        ; address[1]                                     ; input  ; 2.5 V                 ;         ; Row I/O    ; N               ; no       ; Off          ;
; N10      ;            ; --       ; VCC                                            ; power  ;                       ; 1.2V    ; --         ;                 ; --       ; --           ;
; N11      ;            ;          ; GND                                            ; gnd    ;                       ;         ; --         ;                 ; --       ; --           ;
; N12      ;            ; --       ; VCC                                            ; power  ;                       ; 1.2V    ; --         ;                 ; --       ; --           ;
; N13      ;            ;          ; GND                                            ; gnd    ;                       ;         ; --         ;                 ; --       ; --           ;
; N14      ; 148        ; 6        ; RESERVED_INPUT_WITH_WEAK_PULLUP                ;        ;                       ;         ; Row I/O    ;                 ; no       ; On           ;
; N15      ; 150        ; 6        ; RESERVED_INPUT_WITH_WEAK_PULLUP                ;        ;                       ;         ; Row I/O    ;                 ; no       ; On           ;
; N16      ;            ; 5        ; VCCIO5                                         ; power  ;                       ; 2.5V    ; --         ;                 ; --       ; --           ;
; N17      ;            ; 6        ; VCCIO6                                         ; power  ;                       ; 2.5V    ; --         ;                 ; --       ; --           ;
; N18      ; 164        ; 6        ; RESERVED_INPUT_WITH_WEAK_PULLUP                ;        ;                       ;         ; Row I/O    ;                 ; no       ; On           ;
; N19      ; 166        ; 6        ; RESERVED_INPUT_WITH_WEAK_PULLUP                ;        ;                       ;         ; Row I/O    ;                 ; no       ; On           ;
; N20      ; 167        ; 6        ; RESERVED_INPUT_WITH_WEAK_PULLUP                ;        ;                       ;         ; Row I/O    ;                 ; no       ; On           ;
; N21      ; 145        ; 5        ; RESERVED_INPUT_WITH_WEAK_PULLUP                ;        ;                       ;         ; Row I/O    ;                 ; no       ; On           ;
; N22      ; 139        ; 5        ; RESERVED_INPUT_WITH_WEAK_PULLUP                ;        ;                       ;         ; Row I/O    ;                 ; no       ; On           ;
; P1       ; 53         ; 2        ; q[4]                                           ; output ; 2.5 V                 ;         ; Row I/O    ; N               ; no       ; Off          ;
; P2       ;            ;          ; GND                                            ; gnd    ;                       ;         ; --         ;                 ; --       ; --           ;
; P3       ; 44         ; 2        ; RESERVED_INPUT_WITH_WEAK_PULLUP                ;        ;                       ;         ; Row I/O    ;                 ; no       ; On           ;
; P4       ; 37         ; 2        ; RESERVED_INPUT_WITH_WEAK_PULLUP                ;        ;                       ;         ; Row I/O    ;                 ; no       ; On           ;
; P5       ; 39         ; 2        ; RESERVED_INPUT_WITH_WEAK_PULLUP                ;        ;                       ;         ; Row I/O    ;                 ; no       ; On           ;
; P6       ;            ;          ; GND                                            ; gnd    ;                       ;         ; --         ;                 ; --       ; --           ;
; P7       ;            ; 2        ; VCCIO2                                         ; power  ;                       ; 2.5V    ; --         ;                 ; --       ; --           ;
; P8       ;            ;          ; NC                                             ;        ;                       ;         ; --         ;                 ; --       ; --           ;
; P9       ;            ;          ; NC                                             ;        ;                       ;         ; --         ;                 ; --       ; --           ;
; P10      ; 78         ; 3        ; address[6]                                     ; input  ; 2.5 V                 ;         ; Column I/O ; N               ; no       ; Off          ;
; P11      ; 90         ; 3        ; RESERVED_INPUT_WITH_WEAK_PULLUP                ;        ;                       ;         ; Column I/O ;                 ; no       ; On           ;
; P12      ;            ;          ; NC                                             ;        ;                       ;         ; --         ;                 ; --       ; --           ;
; P13      ; 102        ; 4        ; RESERVED_INPUT_WITH_WEAK_PULLUP                ;        ;                       ;         ; Column I/O ;                 ; no       ; On           ;
; P14      ; 138        ; 5        ; RESERVED_INPUT_WITH_WEAK_PULLUP                ;        ;                       ;         ; Row I/O    ;                 ; no       ; On           ;
; P15      ; 136        ; 5        ; RESERVED_INPUT_WITH_WEAK_PULLUP                ;        ;                       ;         ; Row I/O    ;                 ; no       ; On           ;
; P16      ;            ; 5        ; VCCIO5                                         ; power  ;                       ; 2.5V    ; --         ;                 ; --       ; --           ;
; P17      ;            ;          ; GND                                            ; gnd    ;                       ;         ; --         ;                 ; --       ; --           ;
; P18      ; 142        ; 5        ; RESERVED_INPUT_WITH_WEAK_PULLUP                ;        ;                       ;         ; Row I/O    ;                 ; no       ; On           ;
; P19      ; 141        ; 5        ; RESERVED_INPUT_WITH_WEAK_PULLUP                ;        ;                       ;         ; Row I/O    ;                 ; no       ; On           ;
; P20      ; 143        ; 5        ; RESERVED_INPUT_WITH_WEAK_PULLUP                ;        ;                       ;         ; Row I/O    ;                 ; no       ; On           ;
; P21      ; 137        ; 5        ; RESERVED_INPUT_WITH_WEAK_PULLUP                ;        ;                       ;         ; Row I/O    ;                 ; no       ; On           ;
; P22      ; 135        ; 5        ; RESERVED_INPUT_WITH_WEAK_PULLUP                ;        ;                       ;         ; Row I/O    ;                 ; --       ; --           ;
; R1       ; 57         ; 2        ; RESERVED_INPUT_WITH_WEAK_PULLUP                ;        ;                       ;         ; Row I/O    ;                 ; no       ; On           ;
; R2       ; 59         ; 2        ; RESERVED_INPUT_WITH_WEAK_PULLUP                ;        ;                       ;         ; Row I/O    ;                 ; no       ; On           ;
; R3       ; 46         ; 2        ; RESERVED_INPUT_WITH_WEAK_PULLUP                ;        ;                       ;         ; Row I/O    ;                 ; no       ; On           ;
; R4       ; 48         ; 2        ; RESERVED_INPUT_WITH_WEAK_PULLUP                ;        ;                       ;         ; Row I/O    ;                 ; no       ; On           ;
; R5       ; 50         ; 2        ; RESERVED_INPUT_WITH_WEAK_PULLUP                ;        ;                       ;         ; Row I/O    ;                 ; no       ; On           ;
; R6       ;            ; 2        ; VCCIO2                                         ; power  ;                       ; 2.5V    ; --         ;                 ; --       ; --           ;
; R7       ;            ;          ; NC                                             ;        ;                       ;         ; --         ;                 ; --       ; --           ;
; R8       ;            ; --       ; VCCA1                                          ; power  ;                       ; 2.5V    ; --         ;                 ; --       ; --           ;
; R9       ;            ;          ; NC                                             ;        ;                       ;         ; --         ;                 ; --       ; --           ;
; R10      ; 76         ; 3        ; address[7]                                     ; input  ; 2.5 V                 ;         ; Column I/O ; N               ; no       ; Off          ;
; R11      ; 88         ; 3        ; RESERVED_INPUT_WITH_WEAK_PULLUP                ;        ;                       ;         ; Column I/O ;                 ; no       ; On           ;
; R12      ;            ;          ; NC                                             ;        ;                       ;         ; --         ;                 ; --       ; --           ;
; R13      ; 100        ; 4        ; RESERVED_INPUT_WITH_WEAK_PULLUP                ;        ;                       ;         ; Column I/O ;                 ; no       ; On           ;
; R14      ; 126        ; 5        ; RESERVED_INPUT_WITH_WEAK_PULLUP                ;        ;                       ;         ; Row I/O    ;                 ; no       ; On           ;
; R15      ; 124        ; 5        ; RESERVED_INPUT_WITH_WEAK_PULLUP                ;        ;                       ;         ; Row I/O    ;                 ; no       ; On           ;
; R16      ;            ; 5        ; VCCIO5                                         ; power  ;                       ; 2.5V    ; --         ;                 ; --       ; --           ;
; R17      ;            ; 5        ; VCCIO5                                         ; power  ;                       ; 2.5V    ; --         ;                 ; --       ; --           ;
; R18      ; 140        ; 5        ; RESERVED_INPUT_WITH_WEAK_PULLUP                ;        ;                       ;         ; Row I/O    ;                 ; no       ; On           ;
; R19      ;            ;          ; GND                                            ; gnd    ;                       ;         ; --         ;                 ; --       ; --           ;
; R20      ; 131        ; 5        ; RESERVED_INPUT_WITH_WEAK_PULLUP                ;        ;                       ;         ; Row I/O    ;                 ; no       ; On           ;
; R21      ;            ;          ; GND                                            ; gnd    ;                       ;         ; --         ;                 ; --       ; --           ;
; R22      ; 133        ; 5        ; RESERVED_INPUT_WITH_WEAK_PULLUP                ;        ;                       ;         ; Row I/O    ;                 ; no       ; On           ;
; T1       ; 49         ; 2        ; RESERVED_INPUT_WITH_WEAK_PULLUP                ;        ;                       ;         ; Row I/O    ;                 ; no       ; On           ;
; T2       ; 51         ; 2        ; RESERVED_INPUT_WITH_WEAK_PULLUP                ;        ;                       ;         ; Row I/O    ;                 ; no       ; On           ;
; T3       ;            ;          ; NC                                             ;        ;                       ;         ; --         ;                 ; --       ; --           ;
; T4       ;            ;          ; GND                                            ; gnd    ;                       ;         ; --         ;                 ; --       ; --           ;
; T5       ; 56         ; 2        ; RESERVED_INPUT_WITH_WEAK_PULLUP                ;        ;                       ;         ; Row I/O    ;                 ; no       ; On           ;
; T6       ; 58         ; 2        ; RESERVED_INPUT_WITH_WEAK_PULLUP                ;        ;                       ;         ; Row I/O    ;                 ; no       ; On           ;
; T7       ;            ;          ; VCCD_PLL1                                      ; power  ;                       ; 1.2V    ; --         ;                 ; --       ; --           ;
; T8       ;            ;          ; GND                                            ; gnd    ;                       ;         ; --         ;                 ; --       ; --           ;
; T9       ;            ; 3        ; VCCIO3                                         ; power  ;                       ; 2.5V    ; --         ;                 ; --       ; --           ;
; T10      ;            ; 3        ; VCCIO3                                         ; power  ;                       ; 2.5V    ; --         ;                 ; --       ; --           ;
; T11      ;            ; 3        ; VCCIO3                                         ; power  ;                       ; 2.5V    ; --         ;                 ; --       ; --           ;
; T12      ;            ; 4        ; VCCIO4                                         ; power  ;                       ; 2.5V    ; --         ;                 ; --       ; --           ;
; T13      ;            ; 4        ; VCCIO4                                         ; power  ;                       ; 2.5V    ; --         ;                 ; --       ; --           ;
; T14      ;            ;          ; GND                                            ; gnd    ;                       ;         ; --         ;                 ; --       ; --           ;
; T15      ;            ; --       ; VCCA4                                          ; power  ;                       ; 2.5V    ; --         ;                 ; --       ; --           ;
; T16      ;            ;          ; GND                                            ; gnd    ;                       ;         ; --         ;                 ; --       ; --           ;
; T17      ;            ; 5        ; VCCIO5                                         ; power  ;                       ; 2.5V    ; --         ;                 ; --       ; --           ;
; T18      ; 130        ; 5        ; RESERVED_INPUT_WITH_WEAK_PULLUP                ;        ;                       ;         ; Row I/O    ;                 ; no       ; On           ;
; T19      ; 128        ; 5        ; RESERVED_INPUT_WITH_WEAK_PULLUP                ;        ;                       ;         ; Row I/O    ;                 ; no       ; On           ;
; T20      ; 129        ; 5        ; RESERVED_INPUT_WITH_WEAK_PULLUP                ;        ;                       ;         ; Row I/O    ;                 ; no       ; On           ;
; T21      ; 125        ; 5        ; RESERVED_INPUT_WITH_WEAK_PULLUP                ;        ;                       ;         ; Row I/O    ;                 ; no       ; On           ;
; T22      ; 127        ; 5        ; RESERVED_INPUT_WITH_WEAK_PULLUP                ;        ;                       ;         ; Row I/O    ;                 ; no       ; On           ;
; U1       ;            ;          ; NC                                             ;        ;                       ;         ; --         ;                 ; --       ; --           ;
; U2       ;            ;          ; NC                                             ;        ;                       ;         ; --         ;                 ; --       ; --           ;
; U3       ;            ;          ; NC                                             ;        ;                       ;         ; --         ;                 ; --       ; --           ;
; U4       ;            ;          ; NC                                             ;        ;                       ;         ; --         ;                 ; --       ; --           ;
; U5       ;            ;          ; NC                                             ;        ;                       ;         ; --         ;                 ; --       ; --           ;
; U6       ; 64         ; 3        ; address[4]                                     ; input  ; 2.5 V                 ;         ; Column I/O ; N               ; no       ; Off          ;
; U7       ; 66         ; 3        ; q[7]                                           ; output ; 2.5 V                 ;         ; Column I/O ; N               ; no       ; Off          ;
; U8       ;            ; 3        ; VCCIO3                                         ; power  ;                       ; 2.5V    ; --         ;                 ; --       ; --           ;
; U9       ;            ; 3        ; VCCIO3                                         ; power  ;                       ; 2.5V    ; --         ;                 ; --       ; --           ;
; U10      ;            ;          ; GND                                            ; gnd    ;                       ;         ; --         ;                 ; --       ; --           ;
; U11      ;            ; 4        ; VCCIO4                                         ; power  ;                       ; 2.5V    ; --         ;                 ; --       ; --           ;
; U12      ;            ; 4        ; VCCIO4                                         ; power  ;                       ; 2.5V    ; --         ;                 ; --       ; --           ;
; U13      ;            ;          ; GND                                            ; gnd    ;                       ;         ; --         ;                 ; --       ; --           ;
; U14      ;            ; 4        ; VCCIO4                                         ; power  ;                       ; 2.5V    ; --         ;                 ; --       ; --           ;
; U15      ; 112        ; 4        ; RESERVED_INPUT_WITH_WEAK_PULLUP                ;        ;                       ;         ; Column I/O ;                 ; no       ; On           ;
; U16      ;            ;          ; NC                                             ;        ;                       ;         ; --         ;                 ; --       ; --           ;
; U17      ; 122        ; 5        ; RESERVED_INPUT_WITH_WEAK_PULLUP                ;        ;                       ;         ; Row I/O    ;                 ; no       ; On           ;
; U18      ; 120        ; 5        ; RESERVED_INPUT_WITH_WEAK_PULLUP                ;        ;                       ;         ; Row I/O    ;                 ; no       ; On           ;
; U19      ;            ;          ; NC                                             ;        ;                       ;         ; --         ;                 ; --       ; --           ;
; U20      ;            ;          ; NC                                             ;        ;                       ;         ; --         ;                 ; --       ; --           ;
; U21      ; 132        ; 5        ; RESERVED_INPUT_WITH_WEAK_PULLUP                ;        ;                       ;         ; Row I/O    ;                 ; no       ; On           ;
; U22      ; 134        ; 5        ; RESERVED_INPUT_WITH_WEAK_PULLUP                ;        ;                       ;         ; Row I/O    ;                 ; no       ; On           ;
; V1       ;            ;          ; NC                                             ;        ;                       ;         ; --         ;                 ; --       ; --           ;
; V2       ;            ;          ; GND                                            ; gnd    ;                       ;         ; --         ;                 ; --       ; --           ;
; V3       ;            ;          ; NC                                             ;        ;                       ;         ; --         ;                 ; --       ; --           ;
; V4       ; 61         ; 3        ; RESERVED_INPUT_WITH_WEAK_PULLUP                ;        ;                       ;         ; Column I/O ;                 ; no       ; On           ;
; V5       ; 63         ; 3        ; RESERVED_INPUT_WITH_WEAK_PULLUP                ;        ;                       ;         ; Column I/O ;                 ; no       ; On           ;
; V6       ;            ;          ; GND                                            ; gnd    ;                       ;         ; --         ;                 ; --       ; --           ;
; V7       ;            ;          ; NC                                             ;        ;                       ;         ; --         ;                 ; --       ; --           ;
; V8       ;            ;          ; NC                                             ;        ;                       ;         ; --         ;                 ; --       ; --           ;
; V9       ; 84         ; 3        ; RESERVED_INPUT_WITH_WEAK_PULLUP                ;        ;                       ;         ; Column I/O ;                 ; no       ; On           ;
; V10      ; 86         ; 3        ; RESERVED_INPUT_WITH_WEAK_PULLUP                ;        ;                       ;         ; Column I/O ;                 ; no       ; On           ;
; V11      ;            ;          ; NC                                             ;        ;                       ;         ; --         ;                 ; --       ; --           ;
; V12      ;            ;          ; NC                                             ;        ;                       ;         ; --         ;                 ; --       ; --           ;
; V13      ; 96         ; 4        ; RESERVED_INPUT_WITH_WEAK_PULLUP                ;        ;                       ;         ; Column I/O ;                 ; no       ; On           ;
; V14      ; 108        ; 4        ; RESERVED_INPUT_WITH_WEAK_PULLUP                ;        ;                       ;         ; Column I/O ;                 ; no       ; On           ;
; V15      ;            ;          ; NC                                             ;        ;                       ;         ; --         ;                 ; --       ; --           ;
; V16      ; 114        ; 4        ; RESERVED_INPUT_WITH_WEAK_PULLUP                ;        ;                       ;         ; Column I/O ;                 ; no       ; On           ;
; V17      ; 118        ; 4        ; RESERVED_INPUT_WITH_WEAK_PULLUP                ;        ;                       ;         ; Column I/O ;                 ; no       ; On           ;
; V18      ;            ;          ; NC                                             ;        ;                       ;         ; --         ;                 ; --       ; --           ;
; V19      ;            ;          ; GND                                            ; gnd    ;                       ;         ; --         ;                 ; --       ; --           ;
; V20      ;            ;          ; NC                                             ;        ;                       ;         ; --         ;                 ; --       ; --           ;
; V21      ;            ;          ; NC                                             ;        ;                       ;         ; --         ;                 ; --       ; --           ;
; V22      ;            ;          ; NC                                             ;        ;                       ;         ; --         ;                 ; --       ; --           ;
; W1       ;            ;          ; NC                                             ;        ;                       ;         ; --         ;                 ; --       ; --           ;
; W2       ;            ;          ; NC                                             ;        ;                       ;         ; --         ;                 ; --       ; --           ;
; W3       ; 70         ; 3        ; address[0]                                     ; input  ; 2.5 V                 ;         ; Column I/O ; N               ; no       ; Off          ;
; W4       ; 68         ; 3        ; address[3]                                     ; input  ; 2.5 V                 ;         ; Column I/O ; N               ; no       ; Off          ;
; W5       ; 60         ; 3        ; RESERVED_INPUT_WITH_WEAK_PULLUP                ;        ;                       ;         ; Column I/O ;                 ; no       ; On           ;
; W6       ; 62         ; 3        ; q[5]                                           ; output ; 2.5 V                 ;         ; Column I/O ; N               ; no       ; Off          ;
; W7       ; 72         ; 3        ; address[8]                                     ; input  ; 2.5 V                 ;         ; Column I/O ; N               ; no       ; Off          ;
; W8       ; 74         ; 3        ; q[2]                                           ; output ; 2.5 V                 ;         ; Column I/O ; N               ; no       ; Off          ;
; W9       ;            ;          ; NC                                             ;        ;                       ;         ; --         ;                 ; --       ; --           ;
; W10      ;            ;          ; NC                                             ;        ;                       ;         ; --         ;                 ; --       ; --           ;
; W11      ;            ;          ; NC                                             ;        ;                       ;         ; --         ;                 ; --       ; --           ;
; W12      ; 97         ; 4        ; RESERVED_INPUT_WITH_WEAK_PULLUP                ;        ;                       ;         ; Column I/O ;                 ; no       ; On           ;
; W13      ; 99         ; 4        ; RESERVED_INPUT_WITH_WEAK_PULLUP                ;        ;                       ;         ; Column I/O ;                 ; no       ; On           ;
; W14      ; 98         ; 4        ; RESERVED_INPUT_WITH_WEAK_PULLUP                ;        ;                       ;         ; Column I/O ;                 ; no       ; On           ;
; W15      ; 110        ; 4        ; RESERVED_INPUT_WITH_WEAK_PULLUP                ;        ;                       ;         ; Column I/O ;                 ; no       ; On           ;
; W16      ;            ;          ; NC                                             ;        ;                       ;         ; --         ;                 ; --       ; --           ;
; W17      ; 116        ; 4        ; RESERVED_INPUT_WITH_WEAK_PULLUP                ;        ;                       ;         ; Column I/O ;                 ; no       ; On           ;
; W18      ;            ;          ; NC                                             ;        ;                       ;         ; --         ;                 ; --       ; --           ;
; W19      ;            ;          ; NC                                             ;        ;                       ;         ; --         ;                 ; --       ; --           ;
; W20      ;            ;          ; NC                                             ;        ;                       ;         ; --         ;                 ; --       ; --           ;
; W21      ;            ;          ; GND                                            ; gnd    ;                       ;         ; --         ;                 ; --       ; --           ;
; W22      ;            ;          ; NC                                             ;        ;                       ;         ; --         ;                 ; --       ; --           ;
; Y1       ; 65         ; 3        ; RESERVED_INPUT_WITH_WEAK_PULLUP                ;        ;                       ;         ; Column I/O ;                 ; no       ; On           ;
; Y2       ; 67         ; 3        ; address[5]                                     ; input  ; 2.5 V                 ;         ; Column I/O ; N               ; no       ; Off          ;
; Y3       ; 73         ; 3        ; address[9]                                     ; input  ; 2.5 V                 ;         ; Column I/O ; N               ; no       ; Off          ;
; Y4       ; 75         ; 3        ; rden                                           ; input  ; 2.5 V                 ;         ; Column I/O ; N               ; no       ; Off          ;
; Y5       ;            ;          ; NC                                             ;        ;                       ;         ; --         ;                 ; --       ; --           ;
; Y6       ;            ;          ; NC                                             ;        ;                       ;         ; --         ;                 ; --       ; --           ;
; Y7       ;            ;          ; NC                                             ;        ;                       ;         ; --         ;                 ; --       ; --           ;
; Y8       ;            ;          ; NC                                             ;        ;                       ;         ; --         ;                 ; --       ; --           ;
; Y9       ;            ;          ; GND                                            ; gnd    ;                       ;         ; --         ;                 ; --       ; --           ;
; Y10      ; 92         ; 3        ; RESERVED_INPUT_WITH_WEAK_PULLUP                ;        ;                       ;         ; Column I/O ;                 ; no       ; On           ;
; Y11      ;            ;          ; NC                                             ;        ;                       ;         ; --         ;                 ; --       ; --           ;
; Y12      ;            ;          ; GND                                            ; gnd    ;                       ;         ; --         ;                 ; --       ; --           ;
; Y13      ; 104        ; 4        ; RESERVED_INPUT_WITH_WEAK_PULLUP                ;        ;                       ;         ; Column I/O ;                 ; no       ; On           ;
; Y14      ; 106        ; 4        ; RESERVED_INPUT_WITH_WEAK_PULLUP                ;        ;                       ;         ; Column I/O ;                 ; no       ; On           ;
; Y15      ;            ;          ; GND                                            ; gnd    ;                       ;         ; --         ;                 ; --       ; --           ;
; Y16      ; 111        ; 4        ; RESERVED_INPUT_WITH_WEAK_PULLUP                ;        ;                       ;         ; Column I/O ;                 ; no       ; On           ;
; Y17      ;            ;          ; NC                                             ;        ;                       ;         ; --         ;                 ; --       ; --           ;
; Y18      ;            ;          ; NC                                             ;        ;                       ;         ; --         ;                 ; --       ; --           ;
; Y19      ;            ;          ; NC                                             ;        ;                       ;         ; --         ;                 ; --       ; --           ;
; Y20      ;            ;          ; NC                                             ;        ;                       ;         ; --         ;                 ; --       ; --           ;
; Y21      ;            ;          ; NC                                             ;        ;                       ;         ; --         ;                 ; --       ; --           ;
; Y22      ;            ;          ; NC                                             ;        ;                       ;         ; --         ;                 ; --       ; --           ;
+----------+------------+----------+------------------------------------------------+--------+-----------------------+---------+------------+-----------------+----------+--------------+
Note: Pin directions (input, output or bidir) are based on device operating in user mode.


+--------------------------------------------+
; I/O Assignment Warnings                    ;
+------------+-------------------------------+
; Pin Name   ; Reason                        ;
+------------+-------------------------------+
; q[0]       ; Incomplete set of assignments ;
; q[1]       ; Incomplete set of assignments ;
; q[2]       ; Incomplete set of assignments ;
; q[3]       ; Incomplete set of assignments ;
; q[4]       ; Incomplete set of assignments ;
; q[5]       ; Incomplete set of assignments ;
; q[6]       ; Incomplete set of assignments ;
; q[7]       ; Incomplete set of assignments ;
; rden       ; Incomplete set of assignments ;
; clock      ; Incomplete set of assignments ;
; aclr       ; Incomplete set of assignments ;
; address[0] ; Incomplete set of assignments ;
; address[1] ; Incomplete set of assignments ;
; address[2] ; Incomplete set of assignments ;
; address[3] ; Incomplete set of assignments ;
; address[4] ; Incomplete set of assignments ;
; address[5] ; Incomplete set of assignments ;
; address[6] ; Incomplete set of assignments ;
; address[7] ; Incomplete set of assignments ;
; address[8] ; Incomplete set of assignments ;
; address[9] ; Incomplete set of assignments ;
; q[0]       ; Missing location assignment   ;
; q[1]       ; Missing location assignment   ;
; q[2]       ; Missing location assignment   ;
; q[3]       ; Missing location assignment   ;
; q[4]       ; Missing location assignment   ;
; q[5]       ; Missing location assignment   ;
; q[6]       ; Missing location assignment   ;
; q[7]       ; Missing location assignment   ;
; rden       ; Missing location assignment   ;
; clock      ; Missing location assignment   ;
; aclr       ; Missing location assignment   ;
; address[0] ; Missing location assignment   ;
; address[1] ; Missing location assignment   ;
; address[2] ; Missing location assignment   ;
; address[3] ; Missing location assignment   ;
; address[4] ; Missing location assignment   ;
; address[5] ; Missing location assignment   ;
; address[6] ; Missing location assignment   ;
; address[7] ; Missing location assignment   ;
; address[8] ; Missing location assignment   ;
; address[9] ; Missing location assignment   ;
+------------+-------------------------------+


+------------------------------------------------------------------------------------------------------------------------------------------------------------------------------------------------------------------------------------------------------------------------------------------------------------------------------------------------------------------------------+
; Fitter Resource Utilization by Entity                                                                                                                                                                                                                                                                                                                                        ;
+----------------------------------------+-------------+---------------------------+---------------+-------------+------+------------+--------------+---------+-----------+------+--------------+--------------+-------------------+------------------+------------+--------------------------------------------------------------------------+-----------------+--------------+
; Compilation Hierarchy Node             ; Logic Cells ; Dedicated Logic Registers ; I/O Registers ; Memory Bits ; M9Ks ; UFM Blocks ; DSP Elements ; DSP 9x9 ; DSP 18x18 ; Pins ; Virtual Pins ; LUT-Only LCs ; Register-Only LCs ; LUT/Register LCs ; ADC blocks ; Full Hierarchy Name                                                      ; Entity Name     ; Library Name ;
+----------------------------------------+-------------+---------------------------+---------------+-------------+------+------------+--------------+---------+-----------+------+--------------+--------------+-------------------+------------------+------------+--------------------------------------------------------------------------+-----------------+--------------+
; |ROM1PORT                              ; 2 (1)       ; 1 (0)                     ; 0 (0)         ; 8192        ; 1    ; 1          ; 0            ; 0       ; 0         ; 21   ; 0            ; 1 (1)        ; 0 (0)             ; 1 (0)            ; 0          ; |ROM1PORT                                                                ; ROM1PORT        ; work         ;
;    |altsyncram:altsyncram_component|   ; 1 (0)       ; 1 (0)                     ; 0 (0)         ; 8192        ; 1    ; 0          ; 0            ; 0       ; 0         ; 0    ; 0            ; 0 (0)        ; 0 (0)             ; 1 (0)            ; 0          ; |ROM1PORT|altsyncram:altsyncram_component                                ; altsyncram      ; work         ;
;       |altsyncram_ef81:auto_generated| ; 1 (1)       ; 1 (1)                     ; 0 (0)         ; 8192        ; 1    ; 0          ; 0            ; 0       ; 0         ; 0    ; 0            ; 0 (0)        ; 0 (0)             ; 1 (1)            ; 0          ; |ROM1PORT|altsyncram:altsyncram_component|altsyncram_ef81:auto_generated ; altsyncram_ef81 ; work         ;
+----------------------------------------+-------------+---------------------------+---------------+-------------+------+------------+--------------+---------+-----------+------+--------------+--------------+-------------------+------------------+------------+--------------------------------------------------------------------------+-----------------+--------------+
Note: For table entries with two numbers listed, the numbers in parentheses indicate the number of resources of the given type used by the specific entity alone. The numbers listed outside of parentheses indicate the total resources of the given type used by the specific entity and all of its sub-entities in the hierarchy.


+--------------------------------------------------------------------------------------------+
; Delay Chain Summary                                                                        ;
+------------+----------+---------------+---------------+-----------------------+-----+------+
; Name       ; Pin Type ; Pad to Core 0 ; Pad to Core 1 ; Pad to Input Register ; TCO ; TCOE ;
+------------+----------+---------------+---------------+-----------------------+-----+------+
; q[0]       ; Output   ; --            ; --            ; --                    ; --  ; --   ;
; q[1]       ; Output   ; --            ; --            ; --                    ; --  ; --   ;
; q[2]       ; Output   ; --            ; --            ; --                    ; --  ; --   ;
; q[3]       ; Output   ; --            ; --            ; --                    ; --  ; --   ;
; q[4]       ; Output   ; --            ; --            ; --                    ; --  ; --   ;
; q[5]       ; Output   ; --            ; --            ; --                    ; --  ; --   ;
; q[6]       ; Output   ; --            ; --            ; --                    ; --  ; --   ;
; q[7]       ; Output   ; --            ; --            ; --                    ; --  ; --   ;
; rden       ; Input    ; (6) 868 ps    ; --            ; --                    ; --  ; --   ;
; clock      ; Input    ; (0) 0 ps      ; --            ; --                    ; --  ; --   ;
; aclr       ; Input    ; (0) 0 ps      ; --            ; --                    ; --  ; --   ;
; address[0] ; Input    ; (6) 868 ps    ; --            ; --                    ; --  ; --   ;
; address[1] ; Input    ; --            ; (6) 873 ps    ; --                    ; --  ; --   ;
; address[2] ; Input    ; (6) 868 ps    ; --            ; --                    ; --  ; --   ;
; address[3] ; Input    ; --            ; (6) 868 ps    ; --                    ; --  ; --   ;
; address[4] ; Input    ; (6) 868 ps    ; --            ; --                    ; --  ; --   ;
; address[5] ; Input    ; --            ; (6) 868 ps    ; --                    ; --  ; --   ;
; address[6] ; Input    ; (6) 868 ps    ; --            ; --                    ; --  ; --   ;
; address[7] ; Input    ; --            ; (6) 868 ps    ; --                    ; --  ; --   ;
; address[8] ; Input    ; --            ; (6) 868 ps    ; --                    ; --  ; --   ;
; address[9] ; Input    ; (6) 868 ps    ; --            ; --                    ; --  ; --   ;
+------------+----------+---------------+---------------+-----------------------+-----+------+


+--------------------------------------------------------------------------------------------------------------------+
; Pad To Core Delay Chain Fanout                                                                                     ;
+--------------------------------------------------------------------------------------+-------------------+---------+
; Source Pin / Fanout                                                                  ; Pad To Core Index ; Setting ;
+--------------------------------------------------------------------------------------+-------------------+---------+
; rden                                                                                 ;                   ;         ;
;      - altsyncram:altsyncram_component|altsyncram_ef81:auto_generated|ram_block1a0   ; 0                 ; 6       ;
;      - altsyncram:altsyncram_component|altsyncram_ef81:auto_generated|rden_a_store   ; 0                 ; 6       ;
;      - altsyncram:altsyncram_component|altsyncram_ef81:auto_generated|ram_block1a0~0 ; 0                 ; 6       ;
; clock                                                                                ;                   ;         ;
; aclr                                                                                 ;                   ;         ;
; address[0]                                                                           ;                   ;         ;
;      - altsyncram:altsyncram_component|altsyncram_ef81:auto_generated|ram_block1a0   ; 0                 ; 6       ;
; address[1]                                                                           ;                   ;         ;
;      - altsyncram:altsyncram_component|altsyncram_ef81:auto_generated|ram_block1a0   ; 1                 ; 6       ;
; address[2]                                                                           ;                   ;         ;
;      - altsyncram:altsyncram_component|altsyncram_ef81:auto_generated|ram_block1a0   ; 0                 ; 6       ;
; address[3]                                                                           ;                   ;         ;
;      - altsyncram:altsyncram_component|altsyncram_ef81:auto_generated|ram_block1a0   ; 1                 ; 6       ;
; address[4]                                                                           ;                   ;         ;
;      - altsyncram:altsyncram_component|altsyncram_ef81:auto_generated|ram_block1a0   ; 0                 ; 6       ;
; address[5]                                                                           ;                   ;         ;
;      - altsyncram:altsyncram_component|altsyncram_ef81:auto_generated|ram_block1a0   ; 1                 ; 6       ;
; address[6]                                                                           ;                   ;         ;
;      - altsyncram:altsyncram_component|altsyncram_ef81:auto_generated|ram_block1a0   ; 0                 ; 6       ;
; address[7]                                                                           ;                   ;         ;
;      - altsyncram:altsyncram_component|altsyncram_ef81:auto_generated|ram_block1a0   ; 1                 ; 6       ;
; address[8]                                                                           ;                   ;         ;
;      - altsyncram:altsyncram_component|altsyncram_ef81:auto_generated|ram_block1a0   ; 1                 ; 6       ;
; address[9]                                                                           ;                   ;         ;
;      - altsyncram:altsyncram_component|altsyncram_ef81:auto_generated|ram_block1a0   ; 0                 ; 6       ;
+--------------------------------------------------------------------------------------+-------------------+---------+


+----------------------------------------------------------------------------------------------------------------------------------------------------------------------------------------------------------+
; Control Signals                                                                                                                                                                                          ;
+-------------------------------------------------------------------------------+------------------+---------+--------------+--------+----------------------+------------------+---------------------------+
; Name                                                                          ; Location         ; Fan-Out ; Usage        ; Global ; Global Resource Used ; Global Line Name ; Enable Signal Source Name ;
+-------------------------------------------------------------------------------+------------------+---------+--------------+--------+----------------------+------------------+---------------------------+
; aclr                                                                          ; PIN_M9           ; 1       ; Async. clear ; yes    ; Global Clock         ; GCLK4            ; --                        ;
; altsyncram:altsyncram_component|altsyncram_ef81:auto_generated|ram_block1a0~0 ; LCCOMB_X9_Y3_N24 ; 1       ; Clock enable ; no     ; --                   ; --               ; --                        ;
; clock                                                                         ; PIN_M8           ; 2       ; Clock        ; yes    ; Global Clock         ; GCLK3            ; --                        ;
; rden                                                                          ; PIN_Y4           ; 3       ; Read enable  ; no     ; --                   ; --               ; --                        ;
+-------------------------------------------------------------------------------+------------------+---------+--------------+--------+----------------------+------------------+---------------------------+


+-----------------------------------------------------------------------------------------------------------------------------------------+
; Global & Other Fast Signals                                                                                                             ;
+-------+----------+---------+--------------------------------------+----------------------+------------------+---------------------------+
; Name  ; Location ; Fan-Out ; Fan-Out Using Intentional Clock Skew ; Global Resource Used ; Global Line Name ; Enable Signal Source Name ;
+-------+----------+---------+--------------------------------------+----------------------+------------------+---------------------------+
; aclr  ; PIN_M9   ; 1       ; 0                                    ; Global Clock         ; GCLK4            ; --                        ;
; clock ; PIN_M8   ; 2       ; 0                                    ; Global Clock         ; GCLK3            ; --                        ;
+-------+----------+---------+--------------------------------------+----------------------+------------------+---------------------------+


+------------------------------------------------------------------------------------------------------------------------------------------------------------------------------------------------------------------------------------------------------------------------------------------------------------------------------------------------------------------------------------------------------------------------------------------------------------------------------------------------------------------------------------------------------------------------------------------------------+
; Fitter RAM Summary                                                                                                                                                                                                                                                                                                                                                                                                                                                                                                                                                                                   ;
+---------------------------------------------------------------------------+------+------+--------------+--------------+--------------+--------------+--------------+------------------------+-------------------------+------------------------+-------------------------+------+-----------------------------+-----------------------------+-----------------------------+-----------------------------+---------------------+------+-------------------+--------------+----------------------+------------------------+------------------------+----------+------------------------+---------------+
; Name                                                                      ; Type ; Mode ; Clock Mode   ; Port A Depth ; Port A Width ; Port B Depth ; Port B Width ; Port A Input Registers ; Port A Output Registers ; Port B Input Registers ; Port B Output Registers ; Size ; Implementation Port A Depth ; Implementation Port A Width ; Implementation Port B Depth ; Implementation Port B Width ; Implementation Bits ; M9Ks ; MIF               ; Location     ; Mixed Width RDW Mode ; Port A RDW Mode        ; Port B RDW Mode        ; ECC Mode ; ECC Pipeline Registers ; Fits in MLABs ;
+---------------------------------------------------------------------------+------+------+--------------+--------------+--------------+--------------+--------------+------------------------+-------------------------+------------------------+-------------------------+------+-----------------------------+-----------------------------+-----------------------------+-----------------------------+---------------------+------+-------------------+--------------+----------------------+------------------------+------------------------+----------+------------------------+---------------+
; altsyncram:altsyncram_component|altsyncram_ef81:auto_generated|ALTSYNCRAM ; AUTO ; ROM  ; Single Clock ; 1024         ; 8            ; --           ; --           ; yes                    ; yes                     ; --                     ; --                      ; 8192 ; 1024                        ; 8                           ; --                          ; --                          ; 8192                ; 1    ; ROMp1_mif_gen.mif ; M9K_X8_Y3_N0 ; Don't care           ; New data with NBE Read ; New data with NBE Read ; Off      ; No                     ; No - Unknown  ;
+---------------------------------------------------------------------------+------+------+--------------+--------------+--------------+--------------+--------------+------------------------+-------------------------+------------------------+-------------------------+------+-----------------------------+-----------------------------+-----------------------------+-----------------------------+---------------------+------+-------------------+--------------+----------------------+------------------------+------------------------+----------+------------------------+---------------+
Note: Fitter may spread logical memories into multiple blocks to improve timing. The actual required RAM blocks can be found in the Fitter Resource Usage section.


RAM content values are presented in the following format: (Binary) (Octal) (Decimal) (Hexadecimal) 
+------------------------------------------------------------------------------------------------------------------------------------------------------------------------------------------------------------------------------------------------------------------+
; |ROM1PORT|altsyncram:altsyncram_component|altsyncram_ef81:auto_generated|ALTSYNCRAM                                                                                                                                                                              ;
+------------------------------------------------------------------------------------------------------------------------------------------------------------------------------------------------------------------------------------------------------------------+
;   Addr   ;              +0              ;              +1              ;              +2              ;              +3              ;              +4              ;              +5              ;              +6              ;              +7              ;
+----------+------------------------------+------------------------------+------------------------------+------------------------------+------------------------------+------------------------------+------------------------------+------------------------------+
;0;(11010111) (327) (215) (D7)    ;(11000001) (301) (193) (C1)   ;(10100110) (246) (166) (A6)   ;(01100100) (144) (100) (64)   ;(01011001) (131) (89) (59)   ;(10101111) (257) (175) (AF)   ;(00101111) (57) (47) (2F)   ;(11011011) (333) (219) (DB)   ;
;8;(00111110) (76) (62) (3E)    ;(01111000) (170) (120) (78)   ;(01000111) (107) (71) (47)   ;(01101100) (154) (108) (6C)   ;(11010000) (320) (208) (D0)   ;(00110110) (66) (54) (36)   ;(11101010) (352) (234) (EA)   ;(00110011) (63) (51) (33)   ;
;16;(00101000) (50) (40) (28)    ;(00000010) (2) (2) (02)   ;(00100001) (41) (33) (21)   ;(11100100) (344) (228) (E4)   ;(01010001) (121) (81) (51)   ;(10101101) (255) (173) (AD)   ;(11100101) (345) (229) (E5)   ;(11010000) (320) (208) (D0)   ;
;24;(00010001) (21) (17) (11)    ;(00110111) (67) (55) (37)   ;(11101101) (355) (237) (ED)   ;(01010110) (126) (86) (56)   ;(11000101) (305) (197) (C5)   ;(10111001) (271) (185) (B9)   ;(11010110) (326) (214) (D6)   ;(00111100) (74) (60) (3C)   ;
;32;(01011111) (137) (95) (5F)    ;(01110100) (164) (116) (74)   ;(11101000) (350) (232) (E8)   ;(11111100) (374) (252) (FC)   ;(01001111) (117) (79) (4F)   ;(10010011) (223) (147) (93)   ;(10101000) (250) (168) (A8)   ;(11110011) (363) (243) (F3)   ;
;40;(01001011) (113) (75) (4B)    ;(11000101) (305) (197) (C5)   ;(11001011) (313) (203) (CB)   ;(01101011) (153) (107) (6B)   ;(11101011) (353) (235) (EB)   ;(01001001) (111) (73) (49)   ;(10110011) (263) (179) (B3)   ;(01001100) (114) (76) (4C)   ;
;48;(11110011) (363) (243) (F3)    ;(10101101) (255) (173) (AD)   ;(11111101) (375) (253) (FD)   ;(01001001) (111) (73) (49)   ;(01111110) (176) (126) (7E)   ;(01011110) (136) (94) (5E)   ;(00011111) (37) (31) (1F)   ;(10110100) (264) (180) (B4)   ;
;56;(11101001) (351) (233) (E9)    ;(01111011) (173) (123) (7B)   ;(11110111) (367) (247) (F7)   ;(10101001) (251) (169) (A9)   ;(01100100) (144) (100) (64)   ;(10100111) (247) (167) (A7)   ;(10001001) (211) (137) (89)   ;(11100010) (342) (226) (E2)   ;
;64;(01010000) (120) (80) (50)    ;(11111011) (373) (251) (FB)   ;(11101100) (354) (236) (EC)   ;(01100011) (143) (99) (63)   ;(00010001) (21) (17) (11)   ;(11110001) (361) (241) (F1)   ;(01101010) (152) (106) (6A)   ;(01101000) (150) (104) (68)   ;
;72;(00001101) (15) (13) (0D)    ;(11011010) (332) (218) (DA)   ;(00100010) (42) (34) (22)   ;(11000011) (303) (195) (C3)   ;(01011001) (131) (89) (59)   ;(11101111) (357) (239) (EF)   ;(11001110) (316) (206) (CE)   ;(11110001) (361) (241) (F1)   ;
;80;(01110000) (160) (112) (70)    ;(00110000) (60) (48) (30)   ;(01010111) (127) (87) (57)   ;(00000001) (1) (1) (01)   ;(01011100) (134) (92) (5C)   ;(10111001) (271) (185) (B9)   ;(01111111) (177) (127) (7F)   ;(10011100) (234) (156) (9C)   ;
;88;(01010000) (120) (80) (50)    ;(11000011) (303) (195) (C3)   ;(11100111) (347) (231) (E7)   ;(01001100) (114) (76) (4C)   ;(11010000) (320) (208) (D0)   ;(10101111) (257) (175) (AF)   ;(11000100) (304) (196) (C4)   ;(00010000) (20) (16) (10)   ;
;96;(11011100) (334) (220) (DC)    ;(11000111) (307) (199) (C7)   ;(11010110) (326) (214) (D6)   ;(00111100) (74) (60) (3C)   ;(00111110) (76) (62) (3E)   ;(00001100) (14) (12) (0C)   ;(10100110) (246) (166) (A6)   ;(00111011) (73) (59) (3B)   ;
;104;(00101010) (52) (42) (2A)    ;(11000000) (300) (192) (C0)   ;(11101001) (351) (233) (E9)   ;(11000110) (306) (198) (C6)   ;(01101111) (157) (111) (6F)   ;(11111101) (375) (253) (FD)   ;(00111110) (76) (62) (3E)   ;(11011000) (330) (216) (D8)   ;
;112;(10000100) (204) (132) (84)    ;(10110100) (264) (180) (B4)   ;(01101100) (154) (108) (6C)   ;(01001100) (114) (76) (4C)   ;(00010111) (27) (23) (17)   ;(01111001) (171) (121) (79)   ;(11111011) (373) (251) (FB)   ;(10101110) (256) (174) (AE)   ;
;120;(11000101) (305) (197) (C5)    ;(10111111) (277) (191) (BF)   ;(00010110) (26) (22) (16)   ;(10100110) (246) (166) (A6)   ;(01001100) (114) (76) (4C)   ;(00111001) (71) (57) (39)   ;(10001110) (216) (142) (8E)   ;(11001010) (312) (202) (CA)   ;
;128;(10111011) (273) (187) (BB)    ;(00101111) (57) (47) (2F)   ;(10100100) (244) (164) (A4)   ;(10110101) (265) (181) (B5)   ;(10111000) (270) (184) (B8)   ;(00100001) (41) (33) (21)   ;(00110101) (65) (53) (35)   ;(10011001) (231) (153) (99)   ;
;136;(10100011) (243) (163) (A3)    ;(01100011) (143) (99) (63)   ;(00001001) (11) (9) (09)   ;(11010100) (324) (212) (D4)   ;(01111011) (173) (123) (7B)   ;(11100111) (347) (231) (E7)   ;(11010010) (322) (210) (D2)   ;(10111001) (271) (185) (B9)   ;
;144;(11011010) (332) (218) (DA)    ;(01010111) (127) (87) (57)   ;(11101011) (353) (235) (EB)   ;(00011111) (37) (31) (1F)   ;(01001101) (115) (77) (4D)   ;(11101111) (357) (239) (EF)   ;(01000010) (102) (66) (42)   ;(00011110) (36) (30) (1E)   ;
;152;(10100111) (247) (167) (A7)    ;(10001111) (217) (143) (8F)   ;(00101101) (55) (45) (2D)   ;(01000011) (103) (67) (43)   ;(00000010) (2) (2) (02)   ;(00101000) (50) (40) (28)   ;(00001000) (10) (8) (08)   ;(11101110) (356) (238) (EE)   ;
;160;(11110001) (361) (241) (F1)    ;(00111001) (71) (57) (39)   ;(00000100) (4) (4) (04)   ;(10110011) (263) (179) (B3)   ;(10010011) (223) (147) (93)   ;(01100101) (145) (101) (65)   ;(01110001) (161) (113) (71)   ;(00001100) (14) (12) (0C)   ;
;168;(01011010) (132) (90) (5A)    ;(00111111) (77) (63) (3F)   ;(01000001) (101) (65) (41)   ;(11010001) (321) (209) (D1)   ;(10000111) (207) (135) (87)   ;(01111100) (174) (124) (7C)   ;(11110001) (361) (241) (F1)   ;(01111111) (177) (127) (7F)   ;
;176;(10001000) (210) (136) (88)    ;(11000001) (301) (193) (C1)   ;(01011001) (131) (89) (59)   ;(10111101) (275) (189) (BD)   ;(00110101) (65) (53) (35)   ;(10111100) (274) (188) (BC)   ;(11111111) (377) (255) (FF)   ;(10000011) (203) (131) (83)   ;
;184;(01010011) (123) (83) (53)    ;(01101001) (151) (105) (69)   ;(10010110) (226) (150) (96)   ;(00001100) (14) (12) (0C)   ;(10110101) (265) (181) (B5)   ;(01001100) (114) (76) (4C)   ;(01100110) (146) (102) (66)   ;(11000101) (305) (197) (C5)   ;
;192;(01011110) (136) (94) (5E)    ;(11011100) (334) (220) (DC)   ;(01010000) (120) (80) (50)   ;(11000101) (305) (197) (C5)   ;(11010001) (321) (209) (D1)   ;(10011011) (233) (155) (9B)   ;(00011001) (31) (25) (19)   ;(01001011) (113) (75) (4B)   ;
;200;(00100101) (45) (37) (25)    ;(00001110) (16) (14) (0E)   ;(10100101) (245) (165) (A5)   ;(11111100) (374) (252) (FC)   ;(00000010) (2) (2) (02)   ;(10010011) (223) (147) (93)   ;(00100100) (44) (36) (24)   ;(10001110) (216) (142) (8E)   ;
;208;(10000101) (205) (133) (85)    ;(00101000) (50) (40) (28)   ;(01010101) (125) (85) (55)   ;(10001111) (217) (143) (8F)   ;(00001011) (13) (11) (0B)   ;(10010111) (227) (151) (97)   ;(10001011) (213) (139) (8B)   ;(00010111) (27) (23) (17)   ;
;216;(11001111) (317) (207) (CF)    ;(10001111) (217) (143) (8F)   ;(00000000) (0) (0) (00)   ;(11110111) (367) (247) (F7)   ;(11001100) (314) (204) (CC)   ;(01001000) (110) (72) (48)   ;(00011101) (35) (29) (1D)   ;(01000001) (101) (65) (41)   ;
;224;(00001110) (16) (14) (0E)    ;(11011100) (334) (220) (DC)   ;(01001000) (110) (72) (48)   ;(10010111) (227) (151) (97)   ;(01101101) (155) (109) (6D)   ;(11000101) (305) (197) (C5)   ;(10101011) (253) (171) (AB)   ;(10000111) (207) (135) (87)   ;
;232;(11100100) (344) (228) (E4)    ;(01111011) (173) (123) (7B)   ;(11100000) (340) (224) (E0)   ;(01110110) (166) (118) (76)   ;(00100111) (47) (39) (27)   ;(10101000) (250) (168) (A8)   ;(10110111) (267) (183) (B7)   ;(01111110) (176) (126) (7E)   ;
;240;(11111100) (374) (252) (FC)    ;(10100110) (246) (166) (A6)   ;(10100001) (241) (161) (A1)   ;(01000101) (105) (69) (45)   ;(00001010) (12) (10) (0A)   ;(11010110) (326) (214) (D6)   ;(01010110) (126) (86) (56)   ;(00110001) (61) (49) (31)   ;
;248;(10110000) (260) (176) (B0)    ;(11000011) (303) (195) (C3)   ;(10110001) (261) (177) (B1)   ;(01100000) (140) (96) (60)   ;(11000100) (304) (196) (C4)   ;(01011101) (135) (93) (5D)   ;(01001111) (117) (79) (4F)   ;(11010110) (326) (214) (D6)   ;
;256;(10000101) (205) (133) (85)    ;(11010010) (322) (210) (D2)   ;(11100111) (347) (231) (E7)   ;(10111111) (277) (191) (BF)   ;(11100011) (343) (227) (E3)   ;(10101001) (251) (169) (A9)   ;(10000100) (204) (132) (84)   ;(01110011) (163) (115) (73)   ;
;264;(00110011) (63) (51) (33)    ;(11101001) (351) (233) (E9)   ;(11111001) (371) (249) (F9)   ;(11011110) (336) (222) (DE)   ;(11011000) (330) (216) (D8)   ;(01010101) (125) (85) (55)   ;(10111100) (274) (188) (BC)   ;(11001111) (317) (207) (CF)   ;
;272;(01000001) (101) (65) (41)    ;(00100001) (41) (33) (21)   ;(10000010) (202) (130) (82)   ;(11101101) (355) (237) (ED)   ;(00010101) (25) (21) (15)   ;(11110110) (366) (246) (F6)   ;(11100100) (344) (228) (E4)   ;(10000111) (207) (135) (87)   ;
;280;(01111011) (173) (123) (7B)    ;(00001010) (12) (10) (0A)   ;(00000110) (6) (6) (06)   ;(00110000) (60) (48) (30)   ;(11011100) (334) (220) (DC)   ;(01011011) (133) (91) (5B)   ;(10111011) (273) (187) (BB)   ;(11111001) (371) (249) (F9)   ;
;288;(11001010) (312) (202) (CA)    ;(01011000) (130) (88) (58)   ;(00001100) (14) (12) (0C)   ;(01110100) (164) (116) (74)   ;(11101011) (353) (235) (EB)   ;(10101000) (250) (168) (A8)   ;(01100101) (145) (101) (65)   ;(10111000) (270) (184) (B8)   ;
;296;(10101001) (251) (169) (A9)    ;(11010101) (325) (213) (D5)   ;(11100000) (340) (224) (E0)   ;(01011101) (135) (93) (5D)   ;(00011010) (32) (26) (1A)   ;(01111001) (171) (121) (79)   ;(11001000) (310) (200) (C8)   ;(10000111) (207) (135) (87)   ;
;304;(01011100) (134) (92) (5C)    ;(10100101) (245) (165) (A5)   ;(00101111) (57) (47) (2F)   ;(01001000) (110) (72) (48)   ;(01000011) (103) (67) (43)   ;(10100010) (242) (162) (A2)   ;(00000001) (1) (1) (01)   ;(10000010) (202) (130) (82)   ;
;312;(10001111) (217) (143) (8F)    ;(10110111) (267) (183) (B7)   ;(10110001) (261) (177) (B1)   ;(00111001) (71) (57) (39)   ;(01101011) (153) (107) (6B)   ;(10111110) (276) (190) (BE)   ;(00010111) (27) (23) (17)   ;(11110010) (362) (242) (F2)   ;
;320;(01100010) (142) (98) (62)    ;(01110000) (160) (112) (70)   ;(01010011) (123) (83) (53)   ;(01000000) (100) (64) (40)   ;(11000111) (307) (199) (C7)   ;(10000010) (202) (130) (82)   ;(01011000) (130) (88) (58)   ;(10001110) (216) (142) (8E)   ;
;328;(00010111) (27) (23) (17)    ;(00101000) (50) (40) (28)   ;(01010000) (120) (80) (50)   ;(10101001) (251) (169) (A9)   ;(11101100) (354) (236) (EC)   ;(01001011) (113) (75) (4B)   ;(10101100) (254) (172) (AC)   ;(11100011) (343) (227) (E3)   ;
;336;(10010010) (222) (146) (92)    ;(11100000) (340) (224) (E0)   ;(10110011) (263) (179) (B3)   ;(01111101) (175) (125) (7D)   ;(11110010) (362) (242) (F2)   ;(11000111) (307) (199) (C7)   ;(01011110) (136) (94) (5E)   ;(10001011) (213) (139) (8B)   ;
;344;(10011011) (233) (155) (9B)    ;(10000010) (202) (130) (82)   ;(10111001) (271) (185) (B9)   ;(11011001) (331) (217) (D9)   ;(11101010) (352) (234) (EA)   ;(11110000) (360) (240) (F0)   ;(11100100) (344) (228) (E4)   ;(11001010) (312) (202) (CA)   ;
;352;(10011011) (233) (155) (9B)    ;(11010101) (325) (213) (D5)   ;(00110000) (60) (48) (30)   ;(10011100) (234) (156) (9C)   ;(10011101) (235) (157) (9D)   ;(00010010) (22) (18) (12)   ;(11010000) (320) (208) (D0)   ;(10000110) (206) (134) (86)   ;
;360;(11101010) (352) (234) (EA)    ;(11101001) (351) (233) (E9)   ;(11010101) (325) (213) (D5)   ;(00111000) (70) (56) (38)   ;(01001101) (115) (77) (4D)   ;(01001001) (111) (73) (49)   ;(11110000) (360) (240) (F0)   ;(01110010) (162) (114) (72)   ;
;368;(00110111) (67) (55) (37)    ;(01110010) (162) (114) (72)   ;(10111100) (274) (188) (BC)   ;(00000001) (1) (1) (01)   ;(10100101) (245) (165) (A5)   ;(00010110) (26) (22) (16)   ;(01000110) (106) (70) (46)   ;(11101101) (355) (237) (ED)   ;
;376;(11101011) (353) (235) (EB)    ;(11111000) (370) (248) (F8)   ;(00011100) (34) (28) (1C)   ;(00101000) (50) (40) (28)   ;(11100111) (347) (231) (E7)   ;(01011110) (136) (94) (5E)   ;(10111101) (275) (189) (BD)   ;(10111111) (277) (191) (BF)   ;
;384;(10101011) (253) (171) (AB)    ;(11101101) (355) (237) (ED)   ;(11011110) (336) (222) (DE)   ;(01111100) (174) (124) (7C)   ;(11110101) (365) (245) (F5)   ;(01010110) (126) (86) (56)   ;(10000110) (206) (134) (86)   ;(01001011) (113) (75) (4B)   ;
;392;(10101010) (252) (170) (AA)    ;(00001000) (10) (8) (08)   ;(01101011) (153) (107) (6B)   ;(11111011) (373) (251) (FB)   ;(00101100) (54) (44) (2C)   ;(10100111) (247) (167) (A7)   ;(00001110) (16) (14) (0E)   ;(10111111) (277) (191) (BF)   ;
;400;(10010101) (225) (149) (95)    ;(10001010) (212) (138) (8A)   ;(11001110) (316) (206) (CE)   ;(01000111) (107) (71) (47)   ;(11011101) (335) (221) (DD)   ;(11001001) (311) (201) (C9)   ;(11001101) (315) (205) (CD)   ;(01011100) (134) (92) (5C)   ;
;408;(00101101) (55) (45) (2D)    ;(11000101) (305) (197) (C5)   ;(11011000) (330) (216) (D8)   ;(11111010) (372) (250) (FA)   ;(01000110) (106) (70) (46)   ;(01111110) (176) (126) (7E)   ;(00110010) (62) (50) (32)   ;(01110001) (161) (113) (71)   ;
;416;(00010001) (21) (17) (11)    ;(10000000) (200) (128) (80)   ;(11111111) (377) (255) (FF)   ;(10010101) (225) (149) (95)   ;(01100101) (145) (101) (65)   ;(11010000) (320) (208) (D0)   ;(00110111) (67) (55) (37)   ;(00011101) (35) (29) (1D)   ;
;424;(11000011) (303) (195) (C3)    ;(01010100) (124) (84) (54)   ;(00100111) (47) (39) (27)   ;(01111011) (173) (123) (7B)   ;(10101011) (253) (171) (AB)   ;(01110100) (164) (116) (74)   ;(01010111) (127) (87) (57)   ;(00110111) (67) (55) (37)   ;
;432;(00101001) (51) (41) (29)    ;(00010000) (20) (16) (10)   ;(01010110) (126) (86) (56)   ;(01011101) (135) (93) (5D)   ;(01110011) (163) (115) (73)   ;(00001010) (12) (10) (0A)   ;(00011111) (37) (31) (1F)   ;(11010110) (326) (214) (D6)   ;
;440;(10010001) (221) (145) (91)    ;(01001101) (115) (77) (4D)   ;(10100110) (246) (166) (A6)   ;(00010111) (27) (23) (17)   ;(00001111) (17) (15) (0F)   ;(00100100) (44) (36) (24)   ;(01101010) (152) (106) (6A)   ;(01001110) (116) (78) (4E)   ;
;448;(00110011) (63) (51) (33)    ;(11000001) (301) (193) (C1)   ;(10101111) (257) (175) (AF)   ;(10001110) (216) (142) (8E)   ;(10110000) (260) (176) (B0)   ;(10100000) (240) (160) (A0)   ;(11110100) (364) (244) (F4)   ;(10000101) (205) (133) (85)   ;
;456;(00101110) (56) (46) (2E)    ;(01011011) (133) (91) (5B)   ;(10000000) (200) (128) (80)   ;(10101100) (254) (172) (AC)   ;(11000010) (302) (194) (C2)   ;(10010111) (227) (151) (97)   ;(10011000) (230) (152) (98)   ;(11110110) (366) (246) (F6)   ;
;464;(10001011) (213) (139) (8B)    ;(11100100) (344) (228) (E4)   ;(11110110) (366) (246) (F6)   ;(10111100) (274) (188) (BC)   ;(01110110) (166) (118) (76)   ;(01100111) (147) (103) (67)   ;(00111001) (71) (57) (39)   ;(10010101) (225) (149) (95)   ;
;472;(00100100) (44) (36) (24)    ;(10110010) (262) (178) (B2)   ;(10010001) (221) (145) (91)   ;(01101001) (151) (105) (69)   ;(00001010) (12) (10) (0A)   ;(01101000) (150) (104) (68)   ;(10100011) (243) (163) (A3)   ;(01010101) (125) (85) (55)   ;
;480;(11011101) (335) (221) (DD)    ;(11000010) (302) (194) (C2)   ;(11101011) (353) (235) (EB)   ;(00100001) (41) (33) (21)   ;(10100101) (245) (165) (A5)   ;(01110000) (160) (112) (70)   ;(11101111) (357) (239) (EF)   ;(01010110) (126) (86) (56)   ;
;488;(10100111) (247) (167) (A7)    ;(11101100) (354) (236) (EC)   ;(10101011) (253) (171) (AB)   ;(11101011) (353) (235) (EB)   ;(11001101) (315) (205) (CD)   ;(10110110) (266) (182) (B6)   ;(01000000) (100) (64) (40)   ;(01100001) (141) (97) (61)   ;
;496;(11100011) (343) (227) (E3)    ;(00010110) (26) (22) (16)   ;(10100110) (246) (166) (A6)   ;(00111001) (71) (57) (39)   ;(01000100) (104) (68) (44)   ;(11010011) (323) (211) (D3)   ;(01100101) (145) (101) (65)   ;(11110000) (360) (240) (F0)   ;
;504;(00101100) (54) (44) (2C)    ;(10000000) (200) (128) (80)   ;(11101000) (350) (232) (E8)   ;(11110000) (360) (240) (F0)   ;(00010010) (22) (18) (12)   ;(11111011) (373) (251) (FB)   ;(01101110) (156) (110) (6E)   ;(10000000) (200) (128) (80)   ;
;512;(01001010) (112) (74) (4A)    ;(01010011) (123) (83) (53)   ;(01000100) (104) (68) (44)   ;(01000010) (102) (66) (42)   ;(00100000) (40) (32) (20)   ;(00110011) (63) (51) (33)   ;(10100110) (246) (166) (A6)   ;(10001010) (212) (138) (8A)   ;
;520;(11011001) (331) (217) (D9)    ;(11011001) (331) (217) (D9)   ;(01100100) (144) (100) (64)   ;(11001100) (314) (204) (CC)   ;(01000010) (102) (66) (42)   ;(10010001) (221) (145) (91)   ;(00101011) (53) (43) (2B)   ;(11100001) (341) (225) (E1)   ;
;528;(00001001) (11) (9) (09)    ;(11110101) (365) (245) (F5)   ;(11001000) (310) (200) (C8)   ;(10011011) (233) (155) (9B)   ;(00100100) (44) (36) (24)   ;(01100000) (140) (96) (60)   ;(00011010) (32) (26) (1A)   ;(11000011) (303) (195) (C3)   ;
;536;(11000101) (305) (197) (C5)    ;(10001001) (211) (137) (89)   ;(10000000) (200) (128) (80)   ;(01010011) (123) (83) (53)   ;(01010100) (124) (84) (54)   ;(00111111) (77) (63) (3F)   ;(10111111) (277) (191) (BF)   ;(11100100) (344) (228) (E4)   ;
;544;(10000010) (202) (130) (82)    ;(01100000) (140) (96) (60)   ;(00110100) (64) (52) (34)   ;(11111101) (375) (253) (FD)   ;(00110010) (62) (50) (32)   ;(00111010) (72) (58) (3A)   ;(10010001) (221) (145) (91)   ;(01010011) (123) (83) (53)   ;
;552;(10001110) (216) (142) (8E)    ;(10110111) (267) (183) (B7)   ;(11110001) (361) (241) (F1)   ;(00010010) (22) (18) (12)   ;(00010110) (26) (22) (16)   ;(01101010) (152) (106) (6A)   ;(10111001) (271) (185) (B9)   ;(01100111) (147) (103) (67)   ;
;560;(11000010) (302) (194) (C2)    ;(01000100) (104) (68) (44)   ;(10001001) (211) (137) (89)   ;(00111101) (75) (61) (3D)   ;(11000001) (301) (193) (C1)   ;(01010011) (123) (83) (53)   ;(11111000) (370) (248) (F8)   ;(10101110) (256) (174) (AE)   ;
;568;(10011001) (231) (153) (99)    ;(00010011) (23) (19) (13)   ;(00100011) (43) (35) (23)   ;(11001100) (314) (204) (CC)   ;(00000111) (7) (7) (07)   ;(10100011) (243) (163) (A3)   ;(10001101) (215) (141) (8D)   ;(01000010) (102) (66) (42)   ;
;576;(10100011) (243) (163) (A3)    ;(00010111) (27) (23) (17)   ;(00101011) (53) (43) (2B)   ;(00100000) (40) (32) (20)   ;(11101000) (350) (232) (E8)   ;(01111100) (174) (124) (7C)   ;(10101001) (251) (169) (A9)   ;(11111010) (372) (250) (FA)   ;
;584;(11111001) (371) (249) (F9)    ;(11001110) (316) (206) (CE)   ;(01111100) (174) (124) (7C)   ;(10001111) (217) (143) (8F)   ;(01001000) (110) (72) (48)   ;(01100010) (142) (98) (62)   ;(01110110) (166) (118) (76)   ;(01001111) (117) (79) (4F)   ;
;592;(10000100) (204) (132) (84)    ;(01011010) (132) (90) (5A)   ;(00110000) (60) (48) (30)   ;(10000111) (207) (135) (87)   ;(11110011) (363) (243) (F3)   ;(01100111) (147) (103) (67)   ;(00101001) (51) (41) (29)   ;(01111011) (173) (123) (7B)   ;
;600;(11110001) (361) (241) (F1)    ;(11101110) (356) (238) (EE)   ;(11101100) (354) (236) (EC)   ;(11000010) (302) (194) (C2)   ;(11010100) (324) (212) (D4)   ;(11010000) (320) (208) (D0)   ;(10100100) (244) (164) (A4)   ;(10110010) (262) (178) (B2)   ;
;608;(11011111) (337) (223) (DF)    ;(10011101) (235) (157) (9D)   ;(00001100) (14) (12) (0C)   ;(00000110) (6) (6) (06)   ;(10010011) (223) (147) (93)   ;(11000110) (306) (198) (C6)   ;(01000001) (101) (65) (41)   ;(01011011) (133) (91) (5B)   ;
;616;(00100110) (46) (38) (26)    ;(10110110) (266) (182) (B6)   ;(10011101) (235) (157) (9D)   ;(10001001) (211) (137) (89)   ;(01100110) (146) (102) (66)   ;(01000010) (102) (66) (42)   ;(11001110) (316) (206) (CE)   ;(01111110) (176) (126) (7E)   ;
;624;(10001001) (211) (137) (89)    ;(00100100) (44) (36) (24)   ;(01110111) (167) (119) (77)   ;(11001011) (313) (203) (CB)   ;(00000011) (3) (3) (03)   ;(10000100) (204) (132) (84)   ;(01010110) (126) (86) (56)   ;(01010110) (126) (86) (56)   ;
;632;(11101010) (352) (234) (EA)    ;(00100101) (45) (37) (25)   ;(01100011) (143) (99) (63)   ;(11100110) (346) (230) (E6)   ;(00001100) (14) (12) (0C)   ;(00101101) (55) (45) (2D)   ;(00110010) (62) (50) (32)   ;(11110001) (361) (241) (F1)   ;
;640;(00001010) (12) (10) (0A)    ;(10001011) (213) (139) (8B)   ;(11011110) (336) (222) (DE)   ;(11000010) (302) (194) (C2)   ;(11111101) (375) (253) (FD)   ;(11110011) (363) (243) (F3)   ;(10010000) (220) (144) (90)   ;(00111101) (75) (61) (3D)   ;
;648;(01100010) (142) (98) (62)    ;(10101011) (253) (171) (AB)   ;(11001001) (311) (201) (C9)   ;(10111011) (273) (187) (BB)   ;(01011011) (133) (91) (5B)   ;(00111111) (77) (63) (3F)   ;(00101010) (52) (42) (2A)   ;(11100100) (344) (228) (E4)   ;
;656;(01001000) (110) (72) (48)    ;(10011000) (230) (152) (98)   ;(10000111) (207) (135) (87)   ;(00100101) (45) (37) (25)   ;(01111001) (171) (121) (79)   ;(00000101) (5) (5) (05)   ;(10001011) (213) (139) (8B)   ;(10001001) (211) (137) (89)   ;
;664;(11010110) (326) (214) (D6)    ;(10110001) (261) (177) (B1)   ;(11110010) (362) (242) (F2)   ;(10100010) (242) (162) (A2)   ;(10000110) (206) (134) (86)   ;(01011110) (136) (94) (5E)   ;(00100100) (44) (36) (24)   ;(01100101) (145) (101) (65)   ;
;672;(01110110) (166) (118) (76)    ;(01000010) (102) (66) (42)   ;(10100111) (247) (167) (A7)   ;(00000000) (0) (0) (00)   ;(00100011) (43) (35) (23)   ;(11000100) (304) (196) (C4)   ;(10001110) (216) (142) (8E)   ;(00100011) (43) (35) (23)   ;
;680;(10011101) (235) (157) (9D)    ;(10111010) (272) (186) (BA)   ;(01110001) (161) (113) (71)   ;(00011000) (30) (24) (18)   ;(00101111) (57) (47) (2F)   ;(01111101) (175) (125) (7D)   ;(11001111) (317) (207) (CF)   ;(11101001) (351) (233) (E9)   ;
;688;(10101010) (252) (170) (AA)    ;(10100010) (242) (162) (A2)   ;(00001110) (16) (14) (0E)   ;(11011111) (337) (223) (DF)   ;(00110000) (60) (48) (30)   ;(10111000) (270) (184) (B8)   ;(10001110) (216) (142) (8E)   ;(11011010) (332) (218) (DA)   ;
;696;(00000110) (6) (6) (06)    ;(11100001) (341) (225) (E1)   ;(01011011) (133) (91) (5B)   ;(11100010) (342) (226) (E2)   ;(00101010) (52) (42) (2A)   ;(10101011) (253) (171) (AB)   ;(10000010) (202) (130) (82)   ;(01011100) (134) (92) (5C)   ;
;704;(01000101) (105) (69) (45)    ;(01101011) (153) (107) (6B)   ;(01101000) (150) (104) (68)   ;(10101101) (255) (173) (AD)   ;(10011111) (237) (159) (9F)   ;(01011110) (136) (94) (5E)   ;(00011101) (35) (29) (1D)   ;(00001011) (13) (11) (0B)   ;
;712;(11010011) (323) (211) (D3)    ;(11011101) (335) (221) (DD)   ;(00110111) (67) (55) (37)   ;(01000111) (107) (71) (47)   ;(10011101) (235) (157) (9D)   ;(10111111) (277) (191) (BF)   ;(01010000) (120) (80) (50)   ;(10000000) (200) (128) (80)   ;
;720;(11001101) (315) (205) (CD)    ;(10111100) (274) (188) (BC)   ;(10110011) (263) (179) (B3)   ;(10010010) (222) (146) (92)   ;(10111101) (275) (189) (BD)   ;(01111000) (170) (120) (78)   ;(00000101) (5) (5) (05)   ;(11101001) (351) (233) (E9)   ;
;728;(01100000) (140) (96) (60)    ;(10101110) (256) (174) (AE)   ;(00101100) (54) (44) (2C)   ;(10010110) (226) (150) (96)   ;(00001110) (16) (14) (0E)   ;(10110110) (266) (182) (B6)   ;(01000101) (105) (69) (45)   ;(10100110) (246) (166) (A6)   ;
;736;(00111001) (71) (57) (39)    ;(11100111) (347) (231) (E7)   ;(01011000) (130) (88) (58)   ;(00000100) (4) (4) (04)   ;(00101100) (54) (44) (2C)   ;(00000111) (7) (7) (07)   ;(11100100) (344) (228) (E4)   ;(11011010) (332) (218) (DA)   ;
;744;(00111110) (76) (62) (3E)    ;(00110110) (66) (54) (36)   ;(10000111) (207) (135) (87)   ;(01000101) (105) (69) (45)   ;(11011111) (337) (223) (DF)   ;(11010110) (326) (214) (D6)   ;(01000101) (105) (69) (45)   ;(11101101) (355) (237) (ED)   ;
;752;(10000101) (205) (133) (85)    ;(11101000) (350) (232) (E8)   ;(10000010) (202) (130) (82)   ;(01000001) (101) (65) (41)   ;(11010110) (326) (214) (D6)   ;(11110001) (361) (241) (F1)   ;(11110011) (363) (243) (F3)   ;(01000101) (105) (69) (45)   ;
;760;(01111000) (170) (120) (78)    ;(11010001) (321) (209) (D1)   ;(11001011) (313) (203) (CB)   ;(00111000) (70) (56) (38)   ;(10011110) (236) (158) (9E)   ;(11010101) (325) (213) (D5)   ;(10011010) (232) (154) (9A)   ;(11111001) (371) (249) (F9)   ;
;768;(11010110) (326) (214) (D6)    ;(10111100) (274) (188) (BC)   ;(11100111) (347) (231) (E7)   ;(01000111) (107) (71) (47)   ;(01110111) (167) (119) (77)   ;(00100111) (47) (39) (27)   ;(10110011) (263) (179) (B3)   ;(11010100) (324) (212) (D4)   ;
;776;(11000010) (302) (194) (C2)    ;(11001101) (315) (205) (CD)   ;(00000010) (2) (2) (02)   ;(10010000) (220) (144) (90)   ;(11001000) (310) (200) (C8)   ;(10001111) (217) (143) (8F)   ;(01100111) (147) (103) (67)   ;(11011111) (337) (223) (DF)   ;
;784;(10100101) (245) (165) (A5)    ;(01001100) (114) (76) (4C)   ;(01000101) (105) (69) (45)   ;(01010100) (124) (84) (54)   ;(00111111) (77) (63) (3F)   ;(01111011) (173) (123) (7B)   ;(10001101) (215) (141) (8D)   ;(10010110) (226) (150) (96)   ;
;792;(10000010) (202) (130) (82)    ;(01000110) (106) (70) (46)   ;(10000000) (200) (128) (80)   ;(01011011) (133) (91) (5B)   ;(11110000) (360) (240) (F0)   ;(11110101) (365) (245) (F5)   ;(00011010) (32) (26) (1A)   ;(11010100) (324) (212) (D4)   ;
;800;(00001001) (11) (9) (09)    ;(01010110) (126) (86) (56)   ;(11111110) (376) (254) (FE)   ;(01110101) (165) (117) (75)   ;(01101011) (153) (107) (6B)   ;(00001111) (17) (15) (0F)   ;(11011001) (331) (217) (D9)   ;(01100110) (146) (102) (66)   ;
;808;(01010011) (123) (83) (53)    ;(11100011) (343) (227) (E3)   ;(00011010) (32) (26) (1A)   ;(00011110) (36) (30) (1E)   ;(01001100) (114) (76) (4C)   ;(11001000) (310) (200) (C8)   ;(11110000) (360) (240) (F0)   ;(00010110) (26) (22) (16)   ;
;816;(11110000) (360) (240) (F0)    ;(01000010) (102) (66) (42)   ;(10111010) (272) (186) (BA)   ;(01111111) (177) (127) (7F)   ;(10110000) (260) (176) (B0)   ;(11101101) (355) (237) (ED)   ;(11011100) (334) (220) (DC)   ;(10111000) (270) (184) (B8)   ;
;824;(11101010) (352) (234) (EA)    ;(11100101) (345) (229) (E5)   ;(11100000) (340) (224) (E0)   ;(00101000) (50) (40) (28)   ;(10010101) (225) (149) (95)   ;(01111111) (177) (127) (7F)   ;(11001011) (313) (203) (CB)   ;(01100111) (147) (103) (67)   ;
;832;(11001111) (317) (207) (CF)    ;(00101111) (57) (47) (2F)   ;(00000100) (4) (4) (04)   ;(01111010) (172) (122) (7A)   ;(10100111) (247) (167) (A7)   ;(00011010) (32) (26) (1A)   ;(01011000) (130) (88) (58)   ;(10000001) (201) (129) (81)   ;
;840;(00100010) (42) (34) (22)    ;(01010000) (120) (80) (50)   ;(01100010) (142) (98) (62)   ;(10001000) (210) (136) (88)   ;(00010011) (23) (19) (13)   ;(11001010) (312) (202) (CA)   ;(11000101) (305) (197) (C5)   ;(11100000) (340) (224) (E0)   ;
;848;(10101111) (257) (175) (AF)    ;(10010101) (225) (149) (95)   ;(00011000) (30) (24) (18)   ;(01110010) (162) (114) (72)   ;(00101001) (51) (41) (29)   ;(10101001) (251) (169) (A9)   ;(11011100) (334) (220) (DC)   ;(11001111) (317) (207) (CF)   ;
;856;(11010011) (323) (211) (D3)    ;(00010011) (23) (19) (13)   ;(11000010) (302) (194) (C2)   ;(11111110) (376) (254) (FE)   ;(00100011) (43) (35) (23)   ;(01101111) (157) (111) (6F)   ;(01001000) (110) (72) (48)   ;(01001001) (111) (73) (49)   ;
;864;(01010100) (124) (84) (54)    ;(11001101) (315) (205) (CD)   ;(10010000) (220) (144) (90)   ;(01010111) (127) (87) (57)   ;(11010101) (325) (213) (D5)   ;(10111100) (274) (188) (BC)   ;(11010010) (322) (210) (D2)   ;(10001101) (215) (141) (8D)   ;
;872;(01111011) (173) (123) (7B)    ;(11101100) (354) (236) (EC)   ;(00001000) (10) (8) (08)   ;(01010011) (123) (83) (53)   ;(01010100) (124) (84) (54)   ;(00001111) (17) (15) (0F)   ;(01001010) (112) (74) (4A)   ;(00000010) (2) (2) (02)   ;
;880;(10101101) (255) (173) (AD)    ;(00111100) (74) (60) (3C)   ;(11010010) (322) (210) (D2)   ;(01111000) (170) (120) (78)   ;(01011111) (137) (95) (5F)   ;(10000100) (204) (132) (84)   ;(10011011) (233) (155) (9B)   ;(10110111) (267) (183) (B7)   ;
;888;(00001001) (11) (9) (09)    ;(00110111) (67) (55) (37)   ;(11100001) (341) (225) (E1)   ;(10111010) (272) (186) (BA)   ;(00010110) (26) (22) (16)   ;(11110100) (364) (244) (F4)   ;(01000100) (104) (68) (44)   ;(10110110) (266) (182) (B6)   ;
;896;(01001010) (112) (74) (4A)    ;(01111101) (175) (125) (7D)   ;(10011000) (230) (152) (98)   ;(00100010) (42) (34) (22)   ;(01000111) (107) (71) (47)   ;(01100111) (147) (103) (67)   ;(10001000) (210) (136) (88)   ;(01000101) (105) (69) (45)   ;
;904;(01010010) (122) (82) (52)    ;(00000100) (4) (4) (04)   ;(01011000) (130) (88) (58)   ;(10110001) (261) (177) (B1)   ;(10110011) (263) (179) (B3)   ;(00110110) (66) (54) (36)   ;(00001001) (11) (9) (09)   ;(11011010) (332) (218) (DA)   ;
;912;(01101001) (151) (105) (69)    ;(01111110) (176) (126) (7E)   ;(11111100) (374) (252) (FC)   ;(10011010) (232) (154) (9A)   ;(00010100) (24) (20) (14)   ;(10101010) (252) (170) (AA)   ;(10101101) (255) (173) (AD)   ;(01000101) (105) (69) (45)   ;
;920;(11111010) (372) (250) (FA)    ;(01101101) (155) (109) (6D)   ;(01000101) (105) (69) (45)   ;(00000001) (1) (1) (01)   ;(11001001) (311) (201) (C9)   ;(00111101) (75) (61) (3D)   ;(01000110) (106) (70) (46)   ;(11101010) (352) (234) (EA)   ;
;928;(01110000) (160) (112) (70)    ;(10011000) (230) (152) (98)   ;(10001000) (210) (136) (88)   ;(11111000) (370) (248) (F8)   ;(10010111) (227) (151) (97)   ;(00011011) (33) (27) (1B)   ;(01011111) (137) (95) (5F)   ;(11101011) (353) (235) (EB)   ;
;936;(00110010) (62) (50) (32)    ;(00110101) (65) (53) (35)   ;(10100011) (243) (163) (A3)   ;(01010010) (122) (82) (52)   ;(11101010) (352) (234) (EA)   ;(00101101) (55) (45) (2D)   ;(11010110) (326) (214) (D6)   ;(11000011) (303) (195) (C3)   ;
;944;(11000110) (306) (198) (C6)    ;(01000100) (104) (68) (44)   ;(11011001) (331) (217) (D9)   ;(00110010) (62) (50) (32)   ;(11111001) (371) (249) (F9)   ;(10101111) (257) (175) (AF)   ;(01001110) (116) (78) (4E)   ;(01011111) (137) (95) (5F)   ;
;952;(01000110) (106) (70) (46)    ;(00000010) (2) (2) (02)   ;(00111101) (75) (61) (3D)   ;(10111001) (271) (185) (B9)   ;(01111001) (171) (121) (79)   ;(01110001) (161) (113) (71)   ;(00011101) (35) (29) (1D)   ;(01110011) (163) (115) (73)   ;
;960;(00101000) (50) (40) (28)    ;(00000000) (0) (0) (00)   ;(10111100) (274) (188) (BC)   ;(10000000) (200) (128) (80)   ;(00010111) (27) (23) (17)   ;(00101101) (55) (45) (2D)   ;(10010111) (227) (151) (97)   ;(00111001) (71) (57) (39)   ;
;968;(10010111) (227) (151) (97)    ;(11110010) (362) (242) (F2)   ;(00001101) (15) (13) (0D)   ;(11001111) (317) (207) (CF)   ;(01110001) (161) (113) (71)   ;(00011001) (31) (25) (19)   ;(10000110) (206) (134) (86)   ;(00111100) (74) (60) (3C)   ;
;976;(01010110) (126) (86) (56)    ;(10011110) (236) (158) (9E)   ;(10111000) (270) (184) (B8)   ;(00111011) (73) (59) (3B)   ;(00111000) (70) (56) (38)   ;(01111010) (172) (122) (7A)   ;(01100000) (140) (96) (60)   ;(01101111) (157) (111) (6F)   ;
;984;(01100100) (144) (100) (64)    ;(11110000) (360) (240) (F0)   ;(11011000) (330) (216) (D8)   ;(10001001) (211) (137) (89)   ;(01001000) (110) (72) (48)   ;(11100111) (347) (231) (E7)   ;(11010011) (323) (211) (D3)   ;(10110111) (267) (183) (B7)   ;
;992;(01100000) (140) (96) (60)    ;(11010101) (325) (213) (D5)   ;(10110000) (260) (176) (B0)   ;(10010110) (226) (150) (96)   ;(01100100) (144) (100) (64)   ;(01011001) (131) (89) (59)   ;(11010010) (322) (210) (D2)   ;(00111100) (74) (60) (3C)   ;
;1000;(00101110) (56) (46) (2E)    ;(01000100) (104) (68) (44)   ;(00100000) (40) (32) (20)   ;(10011101) (235) (157) (9D)   ;(01101010) (152) (106) (6A)   ;(01111010) (172) (122) (7A)   ;(11111100) (374) (252) (FC)   ;(10101111) (257) (175) (AF)   ;
;1008;(10110001) (261) (177) (B1)    ;(00001010) (12) (10) (0A)   ;(00110001) (61) (49) (31)   ;(01111000) (170) (120) (78)   ;(01001100) (114) (76) (4C)   ;(00001010) (12) (10) (0A)   ;(11110000) (360) (240) (F0)   ;(01100010) (142) (98) (62)   ;
;1016;(11001110) (316) (206) (CE)    ;(10011011) (233) (155) (9B)   ;(01111111) (177) (127) (7F)   ;(01101010) (152) (106) (6A)   ;(01111101) (175) (125) (7D)   ;(11111111) (377) (255) (FF)   ;(00111110) (76) (62) (3E)   ;(00011110) (36) (30) (1E)   ;


+-----------------------------------------------+
; Routing Usage Summary                         ;
+-----------------------+-----------------------+
; Routing Resource Type ; Usage                 ;
+-----------------------+-----------------------+
; Block interconnects   ; 24 / 27,275 ( < 1 % ) ;
; C16 interconnects     ; 0 / 1,240 ( 0 % )     ;
; C4 interconnects      ; 21 / 20,832 ( < 1 % ) ;
; Direct links          ; 1 / 27,275 ( < 1 % )  ;
; Global clocks         ; 2 / 10 ( 20 % )       ;
; Local interconnects   ; 0 / 8,064 ( 0 % )     ;
; R24 interconnects     ; 0 / 1,320 ( 0 % )     ;
; R4 interconnects      ; 17 / 28,560 ( < 1 % ) ;
+-----------------------+-----------------------+


+--------------------------------------------------------------------------+
; LAB Logic Elements                                                       ;
+--------------------------------------------+-----------------------------+
; Number of Logic Elements  (Average = 1.00) ; Number of LABs  (Total = 2) ;
+--------------------------------------------+-----------------------------+
; 1                                          ; 2                           ;
; 2                                          ; 0                           ;
; 3                                          ; 0                           ;
; 4                                          ; 0                           ;
; 5                                          ; 0                           ;
; 6                                          ; 0                           ;
; 7                                          ; 0                           ;
; 8                                          ; 0                           ;
; 9                                          ; 0                           ;
; 10                                         ; 0                           ;
; 11                                         ; 0                           ;
; 12                                         ; 0                           ;
; 13                                         ; 0                           ;
; 14                                         ; 0                           ;
; 15                                         ; 0                           ;
; 16                                         ; 0                           ;
+--------------------------------------------+-----------------------------+


+------------------------------------------------------------------+
; LAB-wide Signals                                                 ;
+------------------------------------+-----------------------------+
; LAB-wide Signals  (Average = 0.50) ; Number of LABs  (Total = 2) ;
+------------------------------------+-----------------------------+
; 1 Clock                            ; 1                           ;
+------------------------------------+-----------------------------+


+---------------------------------------------------------------------------+
; LAB Signals Sourced                                                       ;
+---------------------------------------------+-----------------------------+
; Number of Signals Sourced  (Average = 1.50) ; Number of LABs  (Total = 2) ;
+---------------------------------------------+-----------------------------+
; 0                                           ; 0                           ;
; 1                                           ; 1                           ;
; 2                                           ; 1                           ;
+---------------------------------------------+-----------------------------+


+-------------------------------------------------------------------------------+
; LAB Signals Sourced Out                                                       ;
+-------------------------------------------------+-----------------------------+
; Number of Signals Sourced Out  (Average = 1.00) ; Number of LABs  (Total = 2) ;
+-------------------------------------------------+-----------------------------+
; 0                                               ; 0                           ;
; 1                                               ; 2                           ;
+-------------------------------------------------+-----------------------------+


+---------------------------------------------------------------------------+
; LAB Distinct Inputs                                                       ;
+---------------------------------------------+-----------------------------+
; Number of Distinct Inputs  (Average = 1.00) ; Number of LABs  (Total = 2) ;
+---------------------------------------------+-----------------------------+
; 0                                           ; 0                           ;
; 1                                           ; 0                           ;
; 2                                           ; 1                           ;
+---------------------------------------------+-----------------------------+


+------------------------------------------+
; I/O Rules Summary                        ;
+----------------------------------+-------+
; I/O Rules Statistic              ; Total ;
+----------------------------------+-------+
; Total I/O Rules                  ; 30    ;
; Number of I/O Rules Passed       ; 9     ;
; Number of I/O Rules Failed       ; 0     ;
; Number of I/O Rules Unchecked    ; 0     ;
; Number of I/O Rules Inapplicable ; 21    ;
+----------------------------------+-------+


+-----------------------------------------------------------------------------------------------------------------------------------------------------------------------------------------------------------------------------------------------------------------------------------------------------+
; I/O Rules Details                                                                                                                                                                                                                                                                                   ;
+--------------+-----------+-----------------------------------+------------------------------------------------------------------------------------------------------+----------+--------------------------------------------------------------------------+---------------------+-------------------+
; Status       ; ID        ; Category                          ; Rule Description                                                                                     ; Severity ; Information                                                              ; Area                ; Extra Information ;
+--------------+-----------+-----------------------------------+------------------------------------------------------------------------------------------------------+----------+--------------------------------------------------------------------------+---------------------+-------------------+
; Inapplicable ; IO_000001 ; Capacity Checks                   ; Number of pins in an I/O bank should not exceed the number of locations available.                   ; Critical ; No Location assignments found.                                           ; I/O                 ;                   ;
; Inapplicable ; IO_000002 ; Capacity Checks                   ; Number of clocks in an I/O bank should not exceed the number of clocks available.                    ; Critical ; No Global Signal assignments found.                                      ; I/O                 ;                   ;
; Inapplicable ; IO_000003 ; Capacity Checks                   ; Number of pins in a Vrefgroup should not exceed the number of locations available.                   ; Critical ; No Location assignments found.                                           ; I/O                 ;                   ;
; Inapplicable ; IO_000004 ; Voltage Compatibility Checks      ; The I/O bank should support the requested VCCIO.                                                     ; Critical ; No IOBANK_VCCIO assignments found.                                       ; I/O                 ;                   ;
; Inapplicable ; IO_000005 ; Voltage Compatibility Checks      ; The I/O bank should not have competing VREF values.                                                  ; Critical ; No VREF I/O Standard assignments found.                                  ; I/O                 ;                   ;
; Pass         ; IO_000006 ; Voltage Compatibility Checks      ; The I/O bank should not have competing VCCIO values.                                                 ; Critical ; 0 such failures found.                                                   ; I/O                 ;                   ;
; Inapplicable ; IO_000007 ; Valid Location Checks             ; Checks for unavailable locations.                                                                    ; Critical ; No Location assignments found.                                           ; I/O                 ;                   ;
; Inapplicable ; IO_000008 ; Valid Location Checks             ; Checks for reserved locations.                                                                       ; Critical ; No reserved LogicLock region found.                                      ; I/O                 ;                   ;
; Pass         ; IO_000009 ; I/O Properties Checks for One I/O ; The location should support the requested I/O standard.                                              ; Critical ; 0 such failures found.                                                   ; I/O                 ;                   ;
; Pass         ; IO_000010 ; I/O Properties Checks for One I/O ; The location should support the requested I/O direction.                                             ; Critical ; 0 such failures found.                                                   ; I/O                 ;                   ;
; Inapplicable ; IO_000011 ; I/O Properties Checks for One I/O ; The location should support the requested Current Strength.                                          ; Critical ; No Current Strength assignments found.                                   ; I/O                 ;                   ;
; Pass         ; IO_000012 ; I/O Properties Checks for One I/O ; The location should support the requested On Chip Termination value.                                 ; Critical ; 0 such failures found.                                                   ; I/O                 ;                   ;
; Inapplicable ; IO_000013 ; I/O Properties Checks for One I/O ; The location should support the requested Bus Hold value.                                            ; Critical ; No Enable Bus-Hold Circuitry assignments found.                          ; I/O                 ;                   ;
; Inapplicable ; IO_000014 ; I/O Properties Checks for One I/O ; The location should support the requested Weak Pull Up value.                                        ; Critical ; No Weak Pull-Up Resistor assignments found.                              ; I/O                 ;                   ;
; Pass         ; IO_000015 ; I/O Properties Checks for One I/O ; The location should support the requested PCI Clamp Diode.                                           ; Critical ; 0 such failures found.                                                   ; I/O                 ;                   ;
; Inapplicable ; IO_000018 ; I/O Properties Checks for One I/O ; The I/O standard should support the requested Current Strength.                                      ; Critical ; No Current Strength assignments found.                                   ; I/O                 ;                   ;
; Pass         ; IO_000019 ; I/O Properties Checks for One I/O ; The I/O standard should support the requested On Chip Termination value.                             ; Critical ; 0 such failures found.                                                   ; I/O                 ;                   ;
; Pass         ; IO_000020 ; I/O Properties Checks for One I/O ; The I/O standard should support the requested PCI Clamp Diode.                                       ; Critical ; 0 such failures found.                                                   ; I/O                 ;                   ;
; Inapplicable ; IO_000021 ; I/O Properties Checks for One I/O ; The I/O standard should support the requested Weak Pull Up value.                                    ; Critical ; No Weak Pull-Up Resistor assignments found.                              ; I/O                 ;                   ;
; Inapplicable ; IO_000022 ; I/O Properties Checks for One I/O ; The I/O standard should support the requested Bus Hold value.                                        ; Critical ; No Enable Bus-Hold Circuitry assignments found.                          ; I/O                 ;                   ;
; Inapplicable ; IO_000023 ; I/O Properties Checks for One I/O ; The I/O standard should support the Open Drain value.                                                ; Critical ; No open drain assignments found.                                         ; I/O                 ;                   ;
; Pass         ; IO_000024 ; I/O Properties Checks for One I/O ; The I/O direction should support the On Chip Termination value.                                      ; Critical ; 0 such failures found.                                                   ; I/O                 ;                   ;
; Inapplicable ; IO_000026 ; I/O Properties Checks for One I/O ; On Chip Termination and Current Strength should not be used at the same time.                        ; Critical ; No Current Strength assignments found.                                   ; I/O                 ;                   ;
; Inapplicable ; IO_000027 ; I/O Properties Checks for One I/O ; Weak Pull Up and Bus Hold should not be used at the same time.                                       ; Critical ; No Enable Bus-Hold Circuitry or Weak Pull-Up Resistor assignments found. ; I/O                 ;                   ;
; Inapplicable ; IO_000045 ; I/O Properties Checks for One I/O ; The I/O standard should support the requested Slew Rate value.                                       ; Critical ; No Slew Rate assignments found.                                          ; I/O                 ;                   ;
; Inapplicable ; IO_000046 ; I/O Properties Checks for One I/O ; The location should support the requested Slew Rate value.                                           ; Critical ; No Slew Rate assignments found.                                          ; I/O                 ;                   ;
; Inapplicable ; IO_000047 ; I/O Properties Checks for One I/O ; On Chip Termination and Slew Rate should not be used at the same time.                               ; Critical ; No Slew Rate assignments found.                                          ; I/O                 ;                   ;
; Pass         ; IO_000033 ; Electromigration Checks           ; Current density for consecutive I/Os should not exceed 160mA for row I/Os and 160mA for column I/Os. ; Critical ; 0 such failures found.                                                   ; I/O                 ;                   ;
; Inapplicable ; IO_000034 ; SI Related Distance Checks        ; Single-ended outputs should be 5 LAB row(s) away from a differential I/O.                            ; High     ; No Differential I/O Standard assignments found.                          ; I/O                 ;                   ;
; Inapplicable ; IO_000042 ; SI Related SSO Limit Checks       ; No more than 20 outputs are allowed in a VREF group when VREF is being read from.                    ; High     ; No VREF I/O Standard assignments found.                                  ; I/O                 ;                   ;
; ----         ; ----      ; Disclaimer                        ; OCT rules are checked but not reported.                                                              ; None     ; ----                                                                     ; On Chip Termination ;                   ;
+--------------+-----------+-----------------------------------+------------------------------------------------------------------------------------------------------+----------+--------------------------------------------------------------------------+---------------------+-------------------+


+--------------------------------------------------------------------------------------------------------------------------------------------------------------------------------------------------------------------------------------------------------------------------------------------------------------------------------------------------------------------------------------------------------------------------------------------------------------------------+
; I/O Rules Matrix                                                                                                                                                                                                                                                                                                                                                                                                                                                         ;
+--------------------+--------------+--------------+--------------+--------------+--------------+-----------+--------------+--------------+-----------+-----------+--------------+--------------+--------------+--------------+--------------+--------------+--------------+--------------+--------------+--------------+--------------+--------------+--------------+--------------+--------------+--------------+--------------+-----------+--------------+--------------+
; Pin/Rules          ; IO_000001    ; IO_000002    ; IO_000003    ; IO_000004    ; IO_000005    ; IO_000006 ; IO_000007    ; IO_000008    ; IO_000009 ; IO_000010 ; IO_000011    ; IO_000012    ; IO_000013    ; IO_000014    ; IO_000015    ; IO_000018    ; IO_000019    ; IO_000020    ; IO_000021    ; IO_000022    ; IO_000023    ; IO_000024    ; IO_000026    ; IO_000027    ; IO_000045    ; IO_000046    ; IO_000047    ; IO_000033 ; IO_000034    ; IO_000042    ;
+--------------------+--------------+--------------+--------------+--------------+--------------+-----------+--------------+--------------+-----------+-----------+--------------+--------------+--------------+--------------+--------------+--------------+--------------+--------------+--------------+--------------+--------------+--------------+--------------+--------------+--------------+--------------+--------------+-----------+--------------+--------------+
; Total Pass         ; 0            ; 0            ; 0            ; 0            ; 0            ; 21        ; 0            ; 0            ; 21        ; 21        ; 0            ; 8            ; 0            ; 0            ; 13           ; 0            ; 8            ; 13           ; 0            ; 0            ; 0            ; 8            ; 0            ; 0            ; 0            ; 0            ; 0            ; 21        ; 0            ; 0            ;
; Total Unchecked    ; 0            ; 0            ; 0            ; 0            ; 0            ; 0         ; 0            ; 0            ; 0         ; 0         ; 0            ; 0            ; 0            ; 0            ; 0            ; 0            ; 0            ; 0            ; 0            ; 0            ; 0            ; 0            ; 0            ; 0            ; 0            ; 0            ; 0            ; 0         ; 0            ; 0            ;
; Total Inapplicable ; 21           ; 21           ; 21           ; 21           ; 21           ; 0         ; 21           ; 21           ; 0         ; 0         ; 21           ; 13           ; 21           ; 21           ; 8            ; 21           ; 13           ; 8            ; 21           ; 21           ; 21           ; 13           ; 21           ; 21           ; 21           ; 21           ; 21           ; 0         ; 21           ; 21           ;
; Total Fail         ; 0            ; 0            ; 0            ; 0            ; 0            ; 0         ; 0            ; 0            ; 0         ; 0         ; 0            ; 0            ; 0            ; 0            ; 0            ; 0            ; 0            ; 0            ; 0            ; 0            ; 0            ; 0            ; 0            ; 0            ; 0            ; 0            ; 0            ; 0         ; 0            ; 0            ;
; q[0]               ; Inapplicable ; Inapplicable ; Inapplicable ; Inapplicable ; Inapplicable ; Pass      ; Inapplicable ; Inapplicable ; Pass      ; Pass      ; Inapplicable ; Pass         ; Inapplicable ; Inapplicable ; Inapplicable ; Inapplicable ; Pass         ; Inapplicable ; Inapplicable ; Inapplicable ; Inapplicable ; Pass         ; Inapplicable ; Inapplicable ; Inapplicable ; Inapplicable ; Inapplicable ; Pass      ; Inapplicable ; Inapplicable ;
; q[1]               ; Inapplicable ; Inapplicable ; Inapplicable ; Inapplicable ; Inapplicable ; Pass      ; Inapplicable ; Inapplicable ; Pass      ; Pass      ; Inapplicable ; Pass         ; Inapplicable ; Inapplicable ; Inapplicable ; Inapplicable ; Pass         ; Inapplicable ; Inapplicable ; Inapplicable ; Inapplicable ; Pass         ; Inapplicable ; Inapplicable ; Inapplicable ; Inapplicable ; Inapplicable ; Pass      ; Inapplicable ; Inapplicable ;
; q[2]               ; Inapplicable ; Inapplicable ; Inapplicable ; Inapplicable ; Inapplicable ; Pass      ; Inapplicable ; Inapplicable ; Pass      ; Pass      ; Inapplicable ; Pass         ; Inapplicable ; Inapplicable ; Inapplicable ; Inapplicable ; Pass         ; Inapplicable ; Inapplicable ; Inapplicable ; Inapplicable ; Pass         ; Inapplicable ; Inapplicable ; Inapplicable ; Inapplicable ; Inapplicable ; Pass      ; Inapplicable ; Inapplicable ;
; q[3]               ; Inapplicable ; Inapplicable ; Inapplicable ; Inapplicable ; Inapplicable ; Pass      ; Inapplicable ; Inapplicable ; Pass      ; Pass      ; Inapplicable ; Pass         ; Inapplicable ; Inapplicable ; Inapplicable ; Inapplicable ; Pass         ; Inapplicable ; Inapplicable ; Inapplicable ; Inapplicable ; Pass         ; Inapplicable ; Inapplicable ; Inapplicable ; Inapplicable ; Inapplicable ; Pass      ; Inapplicable ; Inapplicable ;
; q[4]               ; Inapplicable ; Inapplicable ; Inapplicable ; Inapplicable ; Inapplicable ; Pass      ; Inapplicable ; Inapplicable ; Pass      ; Pass      ; Inapplicable ; Pass         ; Inapplicable ; Inapplicable ; Inapplicable ; Inapplicable ; Pass         ; Inapplicable ; Inapplicable ; Inapplicable ; Inapplicable ; Pass         ; Inapplicable ; Inapplicable ; Inapplicable ; Inapplicable ; Inapplicable ; Pass      ; Inapplicable ; Inapplicable ;
; q[5]               ; Inapplicable ; Inapplicable ; Inapplicable ; Inapplicable ; Inapplicable ; Pass      ; Inapplicable ; Inapplicable ; Pass      ; Pass      ; Inapplicable ; Pass         ; Inapplicable ; Inapplicable ; Inapplicable ; Inapplicable ; Pass         ; Inapplicable ; Inapplicable ; Inapplicable ; Inapplicable ; Pass         ; Inapplicable ; Inapplicable ; Inapplicable ; Inapplicable ; Inapplicable ; Pass      ; Inapplicable ; Inapplicable ;
; q[6]               ; Inapplicable ; Inapplicable ; Inapplicable ; Inapplicable ; Inapplicable ; Pass      ; Inapplicable ; Inapplicable ; Pass      ; Pass      ; Inapplicable ; Pass         ; Inapplicable ; Inapplicable ; Inapplicable ; Inapplicable ; Pass         ; Inapplicable ; Inapplicable ; Inapplicable ; Inapplicable ; Pass         ; Inapplicable ; Inapplicable ; Inapplicable ; Inapplicable ; Inapplicable ; Pass      ; Inapplicable ; Inapplicable ;
; q[7]               ; Inapplicable ; Inapplicable ; Inapplicable ; Inapplicable ; Inapplicable ; Pass      ; Inapplicable ; Inapplicable ; Pass      ; Pass      ; Inapplicable ; Pass         ; Inapplicable ; Inapplicable ; Inapplicable ; Inapplicable ; Pass         ; Inapplicable ; Inapplicable ; Inapplicable ; Inapplicable ; Pass         ; Inapplicable ; Inapplicable ; Inapplicable ; Inapplicable ; Inapplicable ; Pass      ; Inapplicable ; Inapplicable ;
; rden               ; Inapplicable ; Inapplicable ; Inapplicable ; Inapplicable ; Inapplicable ; Pass      ; Inapplicable ; Inapplicable ; Pass      ; Pass      ; Inapplicable ; Inapplicable ; Inapplicable ; Inapplicable ; Pass         ; Inapplicable ; Inapplicable ; Pass         ; Inapplicable ; Inapplicable ; Inapplicable ; Inapplicable ; Inapplicable ; Inapplicable ; Inapplicable ; Inapplicable ; Inapplicable ; Pass      ; Inapplicable ; Inapplicable ;
; clock              ; Inapplicable ; Inapplicable ; Inapplicable ; Inapplicable ; Inapplicable ; Pass      ; Inapplicable ; Inapplicable ; Pass      ; Pass      ; Inapplicable ; Inapplicable ; Inapplicable ; Inapplicable ; Pass         ; Inapplicable ; Inapplicable ; Pass         ; Inapplicable ; Inapplicable ; Inapplicable ; Inapplicable ; Inapplicable ; Inapplicable ; Inapplicable ; Inapplicable ; Inapplicable ; Pass      ; Inapplicable ; Inapplicable ;
; aclr               ; Inapplicable ; Inapplicable ; Inapplicable ; Inapplicable ; Inapplicable ; Pass      ; Inapplicable ; Inapplicable ; Pass      ; Pass      ; Inapplicable ; Inapplicable ; Inapplicable ; Inapplicable ; Pass         ; Inapplicable ; Inapplicable ; Pass         ; Inapplicable ; Inapplicable ; Inapplicable ; Inapplicable ; Inapplicable ; Inapplicable ; Inapplicable ; Inapplicable ; Inapplicable ; Pass      ; Inapplicable ; Inapplicable ;
; address[0]         ; Inapplicable ; Inapplicable ; Inapplicable ; Inapplicable ; Inapplicable ; Pass      ; Inapplicable ; Inapplicable ; Pass      ; Pass      ; Inapplicable ; Inapplicable ; Inapplicable ; Inapplicable ; Pass         ; Inapplicable ; Inapplicable ; Pass         ; Inapplicable ; Inapplicable ; Inapplicable ; Inapplicable ; Inapplicable ; Inapplicable ; Inapplicable ; Inapplicable ; Inapplicable ; Pass      ; Inapplicable ; Inapplicable ;
; address[1]         ; Inapplicable ; Inapplicable ; Inapplicable ; Inapplicable ; Inapplicable ; Pass      ; Inapplicable ; Inapplicable ; Pass      ; Pass      ; Inapplicable ; Inapplicable ; Inapplicable ; Inapplicable ; Pass         ; Inapplicable ; Inapplicable ; Pass         ; Inapplicable ; Inapplicable ; Inapplicable ; Inapplicable ; Inapplicable ; Inapplicable ; Inapplicable ; Inapplicable ; Inapplicable ; Pass      ; Inapplicable ; Inapplicable ;
; address[2]         ; Inapplicable ; Inapplicable ; Inapplicable ; Inapplicable ; Inapplicable ; Pass      ; Inapplicable ; Inapplicable ; Pass      ; Pass      ; Inapplicable ; Inapplicable ; Inapplicable ; Inapplicable ; Pass         ; Inapplicable ; Inapplicable ; Pass         ; Inapplicable ; Inapplicable ; Inapplicable ; Inapplicable ; Inapplicable ; Inapplicable ; Inapplicable ; Inapplicable ; Inapplicable ; Pass      ; Inapplicable ; Inapplicable ;
; address[3]         ; Inapplicable ; Inapplicable ; Inapplicable ; Inapplicable ; Inapplicable ; Pass      ; Inapplicable ; Inapplicable ; Pass      ; Pass      ; Inapplicable ; Inapplicable ; Inapplicable ; Inapplicable ; Pass         ; Inapplicable ; Inapplicable ; Pass         ; Inapplicable ; Inapplicable ; Inapplicable ; Inapplicable ; Inapplicable ; Inapplicable ; Inapplicable ; Inapplicable ; Inapplicable ; Pass      ; Inapplicable ; Inapplicable ;
; address[4]         ; Inapplicable ; Inapplicable ; Inapplicable ; Inapplicable ; Inapplicable ; Pass      ; Inapplicable ; Inapplicable ; Pass      ; Pass      ; Inapplicable ; Inapplicable ; Inapplicable ; Inapplicable ; Pass         ; Inapplicable ; Inapplicable ; Pass         ; Inapplicable ; Inapplicable ; Inapplicable ; Inapplicable ; Inapplicable ; Inapplicable ; Inapplicable ; Inapplicable ; Inapplicable ; Pass      ; Inapplicable ; Inapplicable ;
; address[5]         ; Inapplicable ; Inapplicable ; Inapplicable ; Inapplicable ; Inapplicable ; Pass      ; Inapplicable ; Inapplicable ; Pass      ; Pass      ; Inapplicable ; Inapplicable ; Inapplicable ; Inapplicable ; Pass         ; Inapplicable ; Inapplicable ; Pass         ; Inapplicable ; Inapplicable ; Inapplicable ; Inapplicable ; Inapplicable ; Inapplicable ; Inapplicable ; Inapplicable ; Inapplicable ; Pass      ; Inapplicable ; Inapplicable ;
; address[6]         ; Inapplicable ; Inapplicable ; Inapplicable ; Inapplicable ; Inapplicable ; Pass      ; Inapplicable ; Inapplicable ; Pass      ; Pass      ; Inapplicable ; Inapplicable ; Inapplicable ; Inapplicable ; Pass         ; Inapplicable ; Inapplicable ; Pass         ; Inapplicable ; Inapplicable ; Inapplicable ; Inapplicable ; Inapplicable ; Inapplicable ; Inapplicable ; Inapplicable ; Inapplicable ; Pass      ; Inapplicable ; Inapplicable ;
; address[7]         ; Inapplicable ; Inapplicable ; Inapplicable ; Inapplicable ; Inapplicable ; Pass      ; Inapplicable ; Inapplicable ; Pass      ; Pass      ; Inapplicable ; Inapplicable ; Inapplicable ; Inapplicable ; Pass         ; Inapplicable ; Inapplicable ; Pass         ; Inapplicable ; Inapplicable ; Inapplicable ; Inapplicable ; Inapplicable ; Inapplicable ; Inapplicable ; Inapplicable ; Inapplicable ; Pass      ; Inapplicable ; Inapplicable ;
; address[8]         ; Inapplicable ; Inapplicable ; Inapplicable ; Inapplicable ; Inapplicable ; Pass      ; Inapplicable ; Inapplicable ; Pass      ; Pass      ; Inapplicable ; Inapplicable ; Inapplicable ; Inapplicable ; Pass         ; Inapplicable ; Inapplicable ; Pass         ; Inapplicable ; Inapplicable ; Inapplicable ; Inapplicable ; Inapplicable ; Inapplicable ; Inapplicable ; Inapplicable ; Inapplicable ; Pass      ; Inapplicable ; Inapplicable ;
; address[9]         ; Inapplicable ; Inapplicable ; Inapplicable ; Inapplicable ; Inapplicable ; Pass      ; Inapplicable ; Inapplicable ; Pass      ; Pass      ; Inapplicable ; Inapplicable ; Inapplicable ; Inapplicable ; Pass         ; Inapplicable ; Inapplicable ; Pass         ; Inapplicable ; Inapplicable ; Inapplicable ; Inapplicable ; Inapplicable ; Inapplicable ; Inapplicable ; Inapplicable ; Inapplicable ; Pass      ; Inapplicable ; Inapplicable ;
+--------------------+--------------+--------------+--------------+--------------+--------------+-----------+--------------+--------------+-----------+-----------+--------------+--------------+--------------+--------------+--------------+--------------+--------------+--------------+--------------+--------------+--------------+--------------+--------------+--------------+--------------+--------------+--------------+-----------+--------------+--------------+


+-------------------------------------------------------------------------------------------+
; Fitter Device Options                                                                     ;
+------------------------------------------------------------------+------------------------+
; Option                                                           ; Setting                ;
+------------------------------------------------------------------+------------------------+
; Enable user-supplied start-up clock (CLKUSR)                     ; Off                    ;
; Enable device-wide reset (DEV_CLRn)                              ; Off                    ;
; Enable device-wide output enable (DEV_OE)                        ; Off                    ;
; Enable INIT_DONE output                                          ; Off                    ;
; Configuration scheme                                             ; Internal Configuration ;
; Enable Error Detection CRC_ERROR pin                             ; Off                    ;
; Enable open drain on CRC_ERROR pin                               ; Off                    ;
; Enable nCONFIG, nSTATUS, and CONF_DONE pins                      ; On                     ;
; Enable JTAG pin sharing                                          ; Off                    ;
; Enable nCE pin                                                   ; Off                    ;
; Enable CONFIG_SEL pin                                            ; On                     ;
; Enable input tri-state on active configuration pins in user mode ; Off                    ;
; Configuration Voltage Level                                      ; Auto                   ;
; Force Configuration Voltage Level                                ; Off                    ;
; Data[0]                                                          ; Unreserved             ;
; Data[1]/ASDO                                                     ; Unreserved             ;
; FLASH_nCE/nCSO                                                   ; Unreserved             ;
; DCLK                                                             ; Unreserved             ;
+------------------------------------------------------------------+------------------------+


+------------------------------------+
; Operating Settings and Conditions  ;
+---------------------------+--------+
; Setting                   ; Value  ;
+---------------------------+--------+
; Nominal Core Voltage      ; 1.20 V ;
; Low Junction Temperature  ; 0 °C   ;
; High Junction Temperature ; 85 °C  ;
+---------------------------+--------+


+-----------------+
; Fitter Messages ;
+-----------------+
Warning (18236): Number of processors has not been specified which may cause overloading on shared machines.  Set the global assignment NUM_PARALLEL_PROCESSORS in your QSF to an appropriate value for best performance.
Info (20030): Parallel compilation is enabled and will use 16 of the 32 processors detected
Info (119006): Selected device 10M08DAF484C8G for design "Rom1p"
Info (21077): Low junction temperature is 0 degrees C
Info (21077): High junction temperature is 85 degrees C
Info (171003): Fitter is performing an Auto Fit compilation, which may decrease Fitter effort to reduce compilation time
Warning (292013): Feature LogicLock is only available with a valid subscription license. You can purchase a software subscription to gain full access to this feature.
Info (176444): Device migration not selected. If you intend to use device migration later, you may need to change the pin assignments as they may be incompatible with other devices
    Info (176445): Device 10M08DAF484C8GES is compatible
    Info (176445): Device 10M16DAF484C8G is compatible
    Info (176445): Device 10M25DAF484C8G is compatible
    Info (176445): Device 10M50DAF484C8GES is compatible
    Info (176445): Device 10M50DAF484C8G is compatible
    Info (176445): Device 10M40DAF484C8G is compatible
Info (169124): Fitter converted 8 user pins into dedicated programming pins
    Info (169125): Pin ~ALTERA_TMS~ is reserved at location H2
    Info (169125): Pin ~ALTERA_TCK~ is reserved at location G2
    Info (169125): Pin ~ALTERA_TDI~ is reserved at location L4
    Info (169125): Pin ~ALTERA_TDO~ is reserved at location M5
    Info (169125): Pin ~ALTERA_CONFIG_SEL~ is reserved at location H10
    Info (169125): Pin ~ALTERA_nCONFIG~ is reserved at location H9
    Info (169125): Pin ~ALTERA_nSTATUS~ is reserved at location G9
    Info (169125): Pin ~ALTERA_CONF_DONE~ is reserved at location F8
Info (169141): DATA[0] dual-purpose pin not reserved
Info (12825): Data[1]/ASDO dual-purpose pin not reserved
Info (12825): nCSO dual-purpose pin not reserved
Info (12825): DCLK dual-purpose pin not reserved
Warning (15714): Some pins have incomplete I/O assignments. Refer to the I/O Assignment Warnings report for details
Info (176045): Design uses memory blocks. Violating setup or hold times of memory block address registers for either read or write operations could cause memory contents to be corrupted. Make sure that all memory block address registers meet the setup and hold time requirements.
Critical Warning (169085): No exact pin location assignment(s) for 21 pins of 21 total pins. For the list of pins please refer to the I/O Assignment Warnings table in the fitter report.
Critical Warning (332012): Synopsys Design Constraints File file not found: 'Rom1p.sdc'. A Synopsys Design Constraints File is required by the Timing Analyzer to get proper timing constraints. Without it, the Compiler will not properly optimize the design.
Info (332144): No user constrained base clocks found in the design
Info (332143): No user constrained clock uncertainty found in the design. Calling "derive_clock_uncertainty"
Info (332154): The derive_clock_uncertainty command did not apply clock uncertainty to any clock-to-clock transfers.
Info (332130): Timing requirements not specified -- quality metrics such as performance may be sacrificed to reduce compilation time.
Info (176353): Automatically promoted node clock~input (placed in PIN M8 (CLK1n, DIFFIO_RX_L20n, DIFFOUT_L20n, High_Speed)) File: C:/Users/supre/Documents/ML proj/extra_credits_ML/extra credits/codes/ROM1PORT.v Line: 49
    Info (176355): Automatically promoted destinations to use location or clock signal Global Clock CLKCTRL_G3
Info (176353): Automatically promoted node aclr~input (placed in PIN M9 (CLK1p, DIFFIO_RX_L20p, DIFFOUT_L20p, High_Speed)) File: C:/Users/supre/Documents/ML proj/extra_credits_ML/extra credits/codes/ROM1PORT.v Line: 47
    Info (176355): Automatically promoted destinations to use location or clock signal Global Clock CLKCTRL_G4
Info (176233): Starting register packing
Info (176235): Finished register packing
    Extra Info (176219): No registers were packed into other blocks
Info (176214): Statistics of I/O pins that need to be placed that use the same VCCIO and VREF, before I/O pin placement
    Info (176211): Number of I/O pins in group: 19 (unused VREF, 2.5V VCCIO, 11 input, 8 output, 0 bidirectional)
        Info (176212): I/O standards used: 2.5 V.
Info (176215): I/O bank details before I/O pin placement
    Info (176214): Statistics of I/O banks
        Info (176213): I/O bank number 1A does not use VREF pins and has undetermined VCCIO pins. 0 total pin(s) used --  16 pins available
        Info (176213): I/O bank number 1B does not use VREF pins and has undetermined VCCIO pins. 4 total pin(s) used --  16 pins available
        Info (176213): I/O bank number 2 does not use VREF pins and has undetermined VCCIO pins. 2 total pin(s) used --  22 pins available
        Info (176213): I/O bank number 3 does not use VREF pins and has undetermined VCCIO pins. 0 total pin(s) used --  36 pins available
        Info (176213): I/O bank number 4 does not use VREF pins and has undetermined VCCIO pins. 0 total pin(s) used --  24 pins available
        Info (176213): I/O bank number 5 does not use VREF pins and has undetermined VCCIO pins. 0 total pin(s) used --  28 pins available
        Info (176213): I/O bank number 6 does not use VREF pins and has undetermined VCCIO pins. 0 total pin(s) used --  42 pins available
        Info (176213): I/O bank number 7 does not use VREF pins and has undetermined VCCIO pins. 0 total pin(s) used --  24 pins available
        Info (176213): I/O bank number 8 does not use VREF pins and has undetermined VCCIO pins. 4 total pin(s) used --  32 pins available
Info (171121): Fitter preparation operations ending: elapsed time is 00:00:00
Info (14896): Fitter has disabled Advanced Physical Optimization because it is not supported for the current family.
Info (170189): Fitter placement preparation operations beginning
Info (170190): Fitter placement preparation operations ending: elapsed time is 00:00:00
Info (170191): Fitter placement operations beginning
Info (170137): Fitter placement was successful
Info (170192): Fitter placement operations ending: elapsed time is 00:00:01
Info (170193): Fitter routing operations beginning
Info (170195): Router estimated average interconnect usage is 0% of the available device resources
    Info (170196): Router estimated peak interconnect usage is 0% of the available device resources in the region that extends from location X0_Y0 to location X9_Y12
Info (170199): The Fitter performed an Auto Fit compilation.  Optimizations were skipped to reduce compilation time.
    Info (170201): Optimizations that may affect the design's routability were skipped
Info (170194): Fitter routing operations ending: elapsed time is 00:00:00
Info (11888): Total time spent on timing analysis during the Fitter is 0.12 seconds.
Info (334003): Started post-fitting delay annotation
Info (334004): Delay annotation completed successfully
Info (334003): Started post-fitting delay annotation
Info (334004): Delay annotation completed successfully
Info (11218): Fitter post-fit operations ending: elapsed time is 00:00:00
Info (144001): Generated suppressed messages file C:/Users/supre/Documents/ML proj/extra_credits_ML/extra credits/codes/output_files/Rom1p.fit.smsg
Info: Quartus Prime Fitter was successful. 0 errors, 5 warnings
    Info: Peak virtual memory: 6550 megabytes
    Info: Processing ended: Fri May  1 23:57:35 2026
    Info: Elapsed time: 00:00:03
    Info: Total CPU time (on all processors): 00:00:04


+----------------------------+
; Fitter Suppressed Messages ;
+----------------------------+
The suppressed messages can be found in C:/Users/supre/Documents/ML proj/extra_credits_ML/extra credits/codes/output_files/Rom1p.fit.smsg.


